date,adr_usd,local_px,fx,premium_pct
2018-04-02,6.6930,22.2765,3.3149,-0.404
2018-04-03,6.7055,22.5144,3.3222,-1.055
2018-04-04,6.6742,22.3203,3.3474,0.093
2018-04-05,6.6679,22.3892,3.3212,-1.088
2018-04-06,6.5552,22.3203,3.3702,-1.021
2018-04-09,6.2422,21.4751,3.3950,-1.317
2018-04-10,6.3298,21.6566,3.4146,-0.198
2018-04-11,6.5177,22.1638,3.3955,-0.149
2018-04-12,6.3737,21.7631,3.3902,-0.713
2018-04-13,6.1796,21.2873,3.4088,-1.045
2018-04-16,6.0669,20.8239,3.4282,-0.122
2018-04-17,6.1733,21.0869,3.4022,-0.399
2018-04-18,6.4425,21.7944,3.3844,0.044
2018-04-19,6.3924,21.7568,3.4028,-0.021
2018-04-20,6.2610,21.4500,3.4121,-0.406
2018-04-23,6.1545,21.4438,3.4463,-1.089
2018-04-24,6.1608,21.4813,3.4685,-0.525
2018-04-25,6.1983,21.7443,3.5090,0.026
2018-04-26,6.2359,21.7443,3.4992,0.351
2018-04-27,6.3110,21.9822,3.4685,-0.420
2018-04-30,6.1357,21.6441,3.4854,-1.195
2018-05-02,5.9166,21.0869,3.5404,-0.663
2018-05-03,5.8102,20.6424,3.5496,-0.090
2018-05-04,5.8415,20.6612,3.5213,-0.443
2018-05-07,5.7601,20.4733,3.5543,-0.001
2018-05-08,5.6724,20.3669,3.5850,-0.153
2018-05-09,5.6912,20.5297,3.5965,-0.298
2018-05-10,5.8916,20.9429,3.5554,0.019
2018-05-11,5.7037,20.5672,3.5879,-0.500
2018-05-14,5.5910,20.2730,3.6212,-0.132
2018-05-15,5.4971,20.1540,3.6659,-0.011
2018-05-16,5.5597,20.4796,3.6800,-0.097
2018-05-17,5.2905,19.6281,3.7073,-0.074
2018-05-18,5.2529,19.7158,3.7438,-0.253
2018-05-21,5.2467,19.4340,3.7096,0.150
2018-05-22,5.4596,19.9912,3.6367,-0.683
2018-05-23,5.3719,19.4653,3.6411,0.485
2018-05-24,5.3281,19.4966,3.6402,-0.520
2018-05-25,5.1966,19.1084,3.6586,-0.503
2018-05-29,4.9023,18.3759,3.7283,-0.536
2018-05-30,4.8773,18.2632,3.7389,-0.151
2018-06-01,4.9649,18.7077,3.7550,-0.344
2018-06-04,5.0589,18.8893,3.7446,0.286
2018-06-05,4.7458,17.9815,3.7780,-0.288
2018-06-06,4.6206,17.6809,3.8178,-0.229
2018-06-07,4.4077,17.3679,3.9294,-0.278
2018-06-08,4.6081,17.2176,3.7429,0.174
2018-06-11,4.5267,16.8921,3.6839,-1.280
2018-06-12,4.5141,16.8482,3.6745,-1.549
2018-06-13,4.4140,16.5039,3.7116,-0.733
2018-06-14,4.1886,15.8340,3.7018,-2.076
2018-06-15,4.2825,16.1157,3.7511,-0.320
2018-06-18,4.1761,15.5960,3.7537,0.511
2018-06-19,4.3326,16.4037,3.7306,-1.467
2018-06-20,4.4265,16.7543,3.7349,-1.324
2018-06-21,4.2637,16.0594,3.7992,0.868
2018-06-22,4.3201,16.3661,3.7708,-0.465
2018-06-25,4.3075,16.3411,3.7776,-0.422
2018-06-26,4.2512,16.2534,3.7705,-1.380
2018-06-27,4.1009,15.9905,3.8537,-1.168
2018-06-28,4.2449,16.5352,3.8543,-1.052
2018-06-29,4.2950,16.8420,3.8561,-1.662
2018-07-02,4.2449,16.6228,3.9135,-0.062
2018-07-03,4.4265,17.3804,3.8789,-1.211
2018-07-05,4.4453,17.5870,3.9242,-0.812
2018-07-06,4.5141,17.6371,3.9060,-0.027
2018-07-10,4.5580,17.4055,3.8260,0.192
2018-07-11,4.4390,17.3366,3.8624,-1.104
2018-07-12,4.5329,17.8437,3.8478,-2.252
2018-07-13,4.6895,18.2006,3.8659,-0.394
2018-07-16,4.6832,18.2820,3.8534,-1.290
2018-07-17,4.8335,18.8079,3.8626,-0.735
2018-07-18,4.7458,18.3446,3.8412,-0.627
2018-07-19,4.7583,18.5763,3.8808,-0.593
2018-07-20,5.0338,19.2211,3.7801,-1.003
2018-07-23,4.9962,19.0020,3.7965,-0.178
2018-07-24,5.1089,19.2837,3.7381,-0.965
2018-07-25,5.2655,19.6344,3.7075,-0.574
2018-07-26,5.0526,19.1335,3.7285,-1.541
2018-07-27,5.1653,19.3464,3.7134,-0.856
2018-07-30,5.1841,19.4904,3.7228,-0.980
2018-07-31,5.0589,19.1147,3.7450,-0.886
2018-08-01,5.1215,19.3651,3.7530,-0.745
2018-08-02,5.1152,19.3589,3.7555,-0.768
2018-08-03,5.4032,20.0977,3.7133,-0.169
2018-08-06,5.3093,19.9599,3.7208,-1.028
2018-08-07,5.1778,19.6594,3.7128,-2.214
2018-08-08,5.0839,19.1898,3.7442,-0.806
2018-08-09,4.9775,18.9895,3.8164,0.034
2018-08-10,4.6644,18.0441,3.8539,-0.376
2018-08-13,4.6832,18.3947,3.9123,-0.395
2018-08-14,4.8084,18.7077,3.8852,-0.139
2018-08-15,4.7145,18.4823,3.9135,-0.174
2018-08-16,4.6957,18.4823,3.8985,-0.953
2018-08-17,4.5642,17.9189,3.9385,0.320
2018-08-20,4.5392,18.0316,3.9473,-0.632
2018-08-21,4.3451,17.5933,3.9948,-1.338
2018-08-22,4.4265,18.0253,4.0751,0.073
2018-08-23,4.2575,17.5745,4.0898,-0.924
2018-08-24,4.3263,17.7310,4.0944,-0.098
2018-08-27,4.4390,18.2069,4.0707,-0.752
2018-08-28,4.3451,18.0942,4.1248,-0.948
2018-08-29,4.4202,18.3133,4.1220,-0.508
2018-08-30,4.2261,17.5307,4.2016,1.289
2018-08-31,4.3451,17.7686,4.1280,0.945
2018-09-04,4.1385,17.2051,4.1560,-0.032
2018-09-05,4.1635,17.3115,4.1589,0.024
2018-09-06,4.2888,17.8062,4.1462,-0.135
2018-09-10,4.3514,17.8750,4.1094,0.036
2018-09-11,4.1448,17.3366,4.1564,-0.631
2018-09-12,4.1761,17.3428,4.1363,-0.400
2018-09-13,4.1009,17.2740,4.1752,-0.879
2018-09-14,4.1761,17.3491,4.1852,0.741
2018-09-17,4.3388,17.8437,4.1718,1.441
2018-09-18,4.3388,17.9877,4.1277,-0.435
2018-09-19,4.3701,18.0691,4.1160,-0.452
2018-09-20,4.4328,18.0316,4.0834,0.384
2018-09-21,4.5267,18.3196,4.0536,0.162
2018-09-24,4.3701,17.8312,4.0733,-0.170
2018-09-25,4.3639,17.8437,4.1186,0.725
2018-09-26,4.4265,17.8876,4.0425,0.037
2018-09-27,4.5580,18.2945,3.9968,-0.422
2018-09-28,4.4328,17.9502,3.9995,-1.233
2018-10-01,4.4077,17.7498,4.0059,-0.524
2018-10-02,4.7395,18.7829,3.9223,-1.027
2018-10-03,5.0088,19.5968,3.8806,-0.815
2018-10-04,5.0088,19.6907,3.9229,-0.212
2018-10-05,5.0088,19.3964,3.8808,0.214
2018-10-08,5.4470,20.7112,3.8808,2.065
2018-10-09,5.5785,20.7864,3.7320,0.157
2018-10-10,5.2905,20.1102,3.7594,-1.099
2018-10-11,5.2467,19.9912,3.7591,-1.343
2018-10-15,5.3469,20.0977,3.7214,-0.995
2018-10-16,5.6098,21.0556,3.7177,-0.950
2018-10-17,5.6787,21.0806,3.6813,-0.833
2018-10-18,5.4971,20.4984,3.7050,-0.642
2018-10-19,5.5034,20.5672,3.7121,-0.672
2018-10-22,5.6098,20.8177,3.6850,-0.699
2018-10-23,5.6286,20.8928,3.7040,-0.213
2018-10-24,5.4220,20.3919,3.7188,-1.121
2018-10-25,5.6474,20.9805,3.6887,-0.710
2018-10-26,5.7914,21.3436,3.6695,-0.432
2018-10-29,5.5973,20.9429,3.6670,-1.994
2018-10-30,5.8853,21.7568,3.7156,0.508
2018-10-31,5.7413,21.4751,3.7129,-0.737
2018-11-01,6.1107,22.7022,3.6990,-0.435
2018-11-05,6.1921,23.1781,3.7155,-0.739
2018-11-06,6.1044,22.9276,3.7509,-0.133
2018-11-07,6.0168,22.4831,3.7595,0.609
2018-11-08,5.8853,22.0135,3.7563,0.424
2018-11-09,5.9416,22.3391,3.7510,-0.233
2018-11-12,5.8978,22.3203,3.7510,-0.885
2018-11-13,5.7350,21.9196,3.7983,-0.621
2018-11-14,5.8352,22.2264,3.7831,-0.680
2018-11-16,6.1295,23.3033,3.7424,-1.563
2018-11-19,6.1420,23.2031,3.7671,-0.283
2018-11-21,6.0168,22.9464,3.7790,-0.911
2018-11-23,6.0230,22.9902,3.8205,0.090
2018-11-26,5.7288,22.6584,3.8790,-1.926
2018-11-27,6.0356,23.5850,3.8919,-0.404
2018-11-28,6.2046,24.0671,3.8766,-0.060
2018-11-29,6.2610,24.3676,3.8546,-0.961
2018-11-30,6.2359,24.0796,3.8571,-0.113
2018-12-03,6.1295,23.6664,3.8353,-0.668
2018-12-04,6.0606,23.5913,3.8368,-1.433
2018-12-06,6.1357,23.8355,3.9027,0.464
2018-12-07,6.0481,23.7228,3.8768,-1.162
2018-12-10,5.9041,23.2657,3.9298,-0.274
2018-12-11,5.9792,23.5349,3.9165,-0.499
2018-12-12,6.0731,23.6915,3.8490,-1.334
2018-12-13,6.2171,24.3176,3.8856,-0.659
2018-12-14,6.1044,24.0421,3.8970,-1.053
2018-12-17,5.9730,23.5725,3.8922,-1.377
2018-12-18,6.1232,24.0108,3.9072,-0.359
2018-12-19,5.9980,23.6664,3.8737,-1.825
2018-12-20,6.1670,23.7916,3.8500,-0.204
2018-12-21,5.9980,23.6101,3.8815,-1.393
2018-12-26,5.9166,22.9151,3.9253,1.350
2018-12-27,6.0669,23.4473,3.8895,0.639
2018-12-28,6.1545,24.1986,3.8711,-1.545
2019-01-02,6.6429,25.2880,3.8123,0.145
2019-01-03,6.7243,25.5322,3.7429,-1.425
2019-01-04,6.8119,25.3318,3.7149,-0.104
2019-01-07,6.7931,25.6324,3.7100,-1.677
2019-01-08,6.9058,25.7889,3.7204,-0.374
2019-01-09,7.0874,26.2334,3.6832,-0.492
2019-01-10,7.0373,26.1520,3.6915,-0.664
2019-01-11,6.9872,25.9830,3.7073,-0.305
2019-01-14,7.0624,26.2898,3.7073,-0.409
2019-01-15,7.0311,26.2397,3.7162,-0.423
2019-01-16,7.0123,26.3649,3.7284,-0.836
2019-01-17,7.0498,26.4525,3.7561,0.103
2019-01-18,7.1062,26.7218,3.7658,0.145
2019-01-22,6.8495,26.2960,3.7811,-1.511
2019-01-23,7.0811,26.7468,3.7987,0.570
2019-01-24,7.1250,27.0160,3.7486,-1.138
2019-01-28,7.1500,27.2352,3.7628,-1.216
2019-01-29,7.2251,26.8845,3.7288,0.210
2019-01-30,7.2502,26.8219,3.7222,0.614
2019-01-31,7.7761,28.3371,3.6501,0.164
2019-02-01,7.6509,27.9865,3.6552,-0.075
2019-02-04,7.7573,28.5938,3.6676,-0.500
2019-02-05,7.7636,28.6063,3.6798,-0.132
2019-02-06,7.3817,27.2602,3.7015,0.231
2019-02-07,7.4255,27.6734,3.7232,-0.097
2019-02-08,7.4443,27.9677,3.7363,-0.549
2019-02-11,7.3754,27.8049,3.7650,-0.131
2019-02-12,7.5883,28.3621,3.7131,-0.656
2019-02-13,7.4067,27.9239,3.7485,-0.572
2019-02-14,7.7135,28.9882,3.7462,-0.317
2019-02-15,7.7573,28.8004,3.7100,-0.072
2019-02-19,7.5820,28.3809,3.7145,-0.766
2019-02-20,7.4756,27.9113,3.7145,-0.513
2019-02-21,7.4443,28.1555,3.7636,-0.491
2019-02-22,7.4318,27.9239,3.7376,-0.526
2019-02-25,7.3629,27.6421,3.7305,-0.633
2019-02-26,7.4944,28.1367,3.7604,0.160
2019-02-27,7.4505,27.8237,3.7375,0.082
2019-02-28,7.1876,27.0912,3.7493,-0.527
2019-03-01,7.0311,26.6404,3.7852,-0.099
2019-03-06,6.8745,26.4275,3.8152,-0.756
2019-03-07,6.8495,26.6153,3.8836,-0.055
2019-03-08,6.9497,26.9847,3.8639,-0.489
2019-03-11,7.2940,28.0804,3.8435,-0.163
2019-03-12,7.3316,28.1618,3.8090,-0.837
2019-03-13,7.4067,28.4310,3.8249,-0.356
2019-03-14,7.3879,28.4936,3.8340,-0.591
2019-03-15,7.4568,28.6126,3.8140,-0.602
2019-03-18,7.5695,28.7628,3.8097,0.260
2019-03-19,7.4318,28.1430,3.7670,-0.524
2019-03-20,7.3003,27.3792,3.7856,0.938
2019-03-21,7.0248,26.7781,3.8176,0.148
2019-03-22,6.6053,25.8327,3.8942,-0.427
2019-03-25,6.6930,25.8891,3.8640,-0.106
2019-03-26,6.7431,26.0581,3.8760,0.299
2019-03-27,6.3862,25.1565,3.9602,0.533
2019-03-28,6.6930,26.4338,3.9689,0.492
2019-03-29,6.8307,26.8845,3.8892,-1.185
2019-04-01,6.9572,27.0999,3.8699,-0.651
2019-04-02,6.8896,26.7393,3.8647,-0.423
2019-04-03,6.7994,26.4388,3.8437,-1.150
2019-04-04,6.9947,27.1225,3.8703,-0.187
2019-04-05,7.0548,27.3479,3.8627,-0.355
2019-04-08,7.0699,27.3854,3.8569,-0.430
2019-04-09,7.0248,27.2802,3.8531,-0.781
2019-04-10,7.0173,26.8896,3.8269,-0.131
2019-04-11,6.8370,26.4613,3.8509,-0.502
2019-04-12,6.7168,26.2209,3.8711,-0.838
2019-04-15,6.7243,26.1608,3.8717,-0.483
2019-04-16,6.6566,26.1157,3.8972,-0.664
2019-04-17,6.5289,25.7551,3.9381,-0.169
2019-04-18,6.6266,26.1082,3.9302,-0.246
2019-04-22,6.6642,26.3261,3.9281,-0.564
2019-04-23,6.8219,26.9647,3.9418,-0.274
2019-04-24,6.6717,26.7844,3.9758,-0.967
2019-04-25,6.8144,27.0999,3.9635,-0.336
2019-04-26,6.8520,27.0173,3.9227,-0.514
2019-04-29,6.7393,26.6642,3.9362,-0.514
2019-04-30,6.8069,26.7318,3.9367,0.243
2019-05-02,6.7468,26.7468,3.9644,0.001
2019-05-03,6.8595,27.0173,3.9366,-0.052
2019-05-06,6.6266,26.2885,3.9534,-0.346
2019-05-07,6.5740,26.1232,3.9847,0.276
2019-05-08,6.7618,26.6642,3.9290,-0.363
2019-05-09,6.6191,26.1983,3.9646,0.167
2019-05-10,6.5815,25.9654,3.9614,0.410
2019-05-13,6.3411,25.3193,3.9778,-0.378
2019-05-14,6.3336,25.2442,3.9737,-0.303
2019-05-15,6.2134,24.9737,3.9845,-0.867
2019-05-16,6.0781,24.6807,4.0061,-1.341
2019-05-17,6.0180,24.8685,4.0909,-1.003
2019-05-20,6.1758,25.5447,4.1133,-0.555
2019-05-21,6.4838,26.5965,4.0678,-0.833
2019-05-22,6.4763,26.1232,4.0245,-0.227
2019-05-23,6.4087,25.9955,4.0329,-0.576
2019-05-24,6.3787,25.7400,4.0251,-0.254
2019-05-28,6.5815,26.8295,4.0215,-1.349
2019-05-29,6.7844,27.3629,3.9937,-0.980
2019-05-30,6.9346,27.8663,3.9658,-1.309
2019-05-31,7.0323,27.7986,3.9216,-0.794
2019-06-03,7.0849,27.7085,3.8918,-0.489
2019-06-04,7.1675,27.8362,3.8593,-0.627
2019-06-05,7.0173,27.4080,3.8655,-1.031
2019-06-06,7.1751,28.0090,3.8740,-0.760
2019-06-07,7.1976,28.0165,3.8616,-0.793
2019-06-10,7.0999,27.6859,3.8708,-0.735
2019-06-11,7.2126,27.8137,3.8593,0.079
2019-06-12,7.0624,27.4906,3.8360,-1.453
2019-06-13,7.0548,27.1901,3.8456,-0.221
2019-06-14,6.8971,27.1450,3.8936,-1.070
2019-06-17,6.8971,27.0774,3.8858,-1.022
2019-06-18,7.0023,27.3103,3.8549,-1.162
2019-06-19,7.1525,27.6484,3.8731,0.195
2019-06-21,7.3028,28.2720,3.8212,-1.297
2019-06-24,7.4230,28.4974,3.8265,-0.327
2019-06-25,7.2953,28.2569,3.8312,-1.088
2019-06-26,7.4080,28.6101,3.8355,-0.688
2019-06-27,7.3779,28.4748,3.8604,0.024
2019-06-28,7.3779,28.3546,3.8290,-0.369
2019-07-01,7.3178,28.2720,3.8217,-1.081
2019-07-02,7.3028,28.3471,3.8613,-0.525
2019-07-03,7.3929,28.8505,3.8421,-1.546
2019-07-05,7.6935,29.6093,3.8178,-0.801
2019-07-08,7.6935,29.4741,3.8045,-0.693
2019-07-10,7.8062,29.3388,3.7646,0.164
2019-07-11,7.7010,29.0909,3.7577,-0.526
2019-07-12,7.6559,28.5500,3.7429,0.369
2019-07-15,7.5357,28.4298,3.7490,-0.628
2019-07-16,7.5056,28.4373,3.7607,-0.741
2019-07-17,7.4906,28.2870,3.7611,-0.403
2019-07-18,7.7235,28.9031,3.7443,0.056
2019-07-19,7.4981,28.2494,3.7406,-0.715
2019-07-22,7.6258,28.6401,3.7350,-0.550
2019-07-23,7.5808,28.7378,3.7680,-0.604
2019-07-24,7.7085,29.2787,3.7610,-0.981
2019-07-25,7.2577,27.5733,3.7880,-0.294
2019-07-26,7.2126,27.2201,3.7714,-0.068
2019-07-29,7.1675,27.1600,3.7873,-0.053
2019-07-30,6.9722,26.5965,3.7867,-0.733
2019-07-31,6.7919,25.9204,3.7571,-1.553
2019-08-01,6.6717,25.6950,3.8366,-0.383
2019-08-02,6.5890,25.7551,3.8789,-0.764
2019-08-05,6.3636,25.2893,3.9423,-0.798
2019-08-06,6.4613,25.6724,3.9740,0.019
2019-08-07,6.5815,26.2134,3.9863,0.086
2019-08-08,6.6717,26.3411,3.9349,-0.337
2019-08-09,6.5515,25.9053,3.9385,-0.395
2019-08-12,6.3486,25.3644,3.9862,-0.227
2019-08-13,6.4388,25.6198,3.9531,-0.651
2019-08-14,6.1683,25.1165,4.0143,-1.414
2019-08-15,6.1983,24.9437,4.0100,-0.354
2019-08-16,6.2134,24.9962,3.9926,-0.755
2019-08-19,6.0406,24.6356,4.0344,-1.078
2019-08-20,6.0180,24.3952,4.0409,-0.315
2019-08-21,6.1382,24.8760,4.0188,-0.835
2019-08-22,6.0255,24.5530,4.0558,-0.467
2019-08-23,5.8002,24.0195,4.1114,-0.719
2019-08-26,5.7250,23.7716,4.1528,0.014
2019-08-27,5.7551,24.0721,4.1813,-0.035
2019-08-28,5.7476,23.9294,4.1553,-0.195
2019-08-29,5.8527,24.3802,4.1595,-0.146
2019-08-30,6.0030,24.7558,4.1254,0.036
2019-09-03,5.7701,24.0872,4.1726,-0.045
2019-09-04,5.9204,24.3877,4.1140,-0.128
2019-09-05,6.0556,24.9512,4.0908,-0.717
2019-09-06,6.3035,25.9955,4.0643,-1.447
2019-09-09,6.3636,26.3261,4.0819,-1.331
2019-09-10,6.2810,25.8603,4.1010,-0.394
2019-09-11,6.3035,25.7476,4.0592,-0.622
2019-09-12,6.2585,25.4696,4.0606,-0.222
2019-09-13,6.1232,25.1390,4.0610,-1.084
2019-09-16,6.0331,24.8084,4.0831,-0.705
2019-09-17,6.1758,25.4696,4.0970,-0.657
2019-09-18,6.1758,25.5447,4.0964,-0.963
2019-09-19,6.0556,25.2367,4.1389,-0.686
2019-09-20,6.1082,25.6799,4.1698,-0.818
2019-09-23,6.1007,25.7325,4.1771,-0.969
2019-09-24,6.0556,25.4020,4.1737,-0.503
2019-09-25,6.1232,25.5672,4.1764,0.023
2019-09-26,6.1908,25.9354,4.1517,-0.898
2019-09-27,6.1983,25.9204,4.1576,-0.579
2019-09-30,6.1157,25.4846,4.1629,-0.100
2019-10-01,5.9880,25.1390,4.1624,-0.854
2019-10-02,5.8377,24.1548,4.1434,0.138
2019-10-03,5.8828,24.2224,4.0876,-0.726
2019-10-04,6.0030,24.4703,4.0601,-0.399
2019-10-07,5.9053,24.3125,4.0831,-0.825
2019-10-08,5.9128,24.2900,4.0846,-0.570
2019-10-09,6.0406,24.9812,4.1043,-0.756
2019-10-10,6.1007,25.2667,4.1075,-0.824
2019-10-11,6.2134,25.5522,4.0945,-0.437
2019-10-14,6.2209,25.9128,4.0945,-1.704
2019-10-15,6.2209,26.1232,4.1506,-1.159
2019-10-16,6.3787,26.7468,4.1610,-0.767
2019-10-17,6.2810,26.2960,4.1600,-0.635
2019-10-18,6.1232,25.3869,4.1312,-0.357
2019-10-21,6.1157,25.5672,4.1360,-1.067
2019-10-22,6.4012,26.2960,4.0713,-0.893
2019-10-23,6.5364,26.5214,4.0674,0.245
2019-10-24,6.5289,26.4914,4.0100,-1.172
2019-10-25,6.6491,26.8370,4.0018,-0.851
2019-10-28,6.8971,27.8062,3.9769,-1.357
2019-10-29,6.8219,27.4230,3.9923,-0.685
2019-10-30,6.8370,27.5507,4.0170,-0.314
2019-10-31,6.5815,26.4237,4.0130,-0.046
2019-11-01,6.5440,26.1983,3.9756,-0.696
2019-11-04,6.4989,26.2134,4.0007,-0.814
2019-11-05,6.6116,26.5665,3.9865,-0.788
2019-11-06,6.4688,26.4237,4.0582,-0.651
2019-11-07,6.4237,26.4914,4.0884,-0.863
2019-11-08,6.1608,25.7250,4.1545,-0.506
2019-11-11,6.1533,25.6649,4.1545,-0.394
2019-11-12,6.0631,25.4245,4.1742,-0.456
2019-11-13,5.9805,25.1615,4.1772,-0.715
2019-11-14,5.9429,25.0563,4.1912,-0.593
2019-11-18,5.9053,24.8911,4.1932,-0.518
2019-11-19,5.8753,24.8460,4.2032,-0.608
2019-11-21,5.9279,24.9887,4.2213,0.138
2019-11-22,6.0105,25.4020,4.1859,-0.955
2019-11-25,5.9579,25.2742,4.2153,-0.632
2019-11-26,5.8377,24.7333,4.2594,0.533
2019-11-27,5.8978,25.1465,4.2569,-0.159
2019-11-29,5.8978,25.0714,4.2272,-0.559
2019-12-02,5.9730,25.2367,4.2200,-0.122
2019-12-03,6.0105,25.3118,4.1928,-0.438
2019-12-04,6.1307,25.9654,4.1886,-1.102
2019-12-05,6.1908,26.0706,4.1912,-0.474
2019-12-06,6.2209,25.7776,4.1749,0.752
2019-12-09,6.2434,25.9955,4.1299,-0.811
2019-12-10,6.2134,25.9053,4.1412,-0.674
2019-12-11,6.1908,25.7551,4.1179,-1.017
2019-12-12,6.3411,26.1007,4.0990,-0.416
2019-12-13,6.3411,26.1458,4.1065,-0.406
2019-12-16,6.3186,25.6875,4.0681,0.066
2019-12-17,6.3937,26.1608,4.0673,-0.595
2019-12-18,6.5665,26.8896,4.0624,-0.795
2019-12-19,6.6642,27.3854,4.0580,-1.250
2019-12-20,6.4613,26.8144,4.0859,-1.545
2019-12-23,6.5590,26.9797,4.0621,-1.247
2019-12-26,6.7168,27.3178,4.0602,-0.170
2019-12-27,6.6867,27.2126,4.0507,-0.466
2019-12-30,6.7243,27.1751,4.0152,-0.647
2020-01-02,6.9346,28.1818,4.0384,-0.628
2020-01-03,6.9497,28.1818,4.0378,-0.427
2020-01-06,6.7693,27.6784,4.0548,-0.831
2020-01-07,6.6491,27.1976,4.0813,-0.222
2020-01-08,6.5440,26.7769,4.0463,-1.113
2020-01-09,6.4313,26.3486,4.0747,-0.543
2020-01-10,6.2885,25.8678,4.0771,-0.885
2020-01-13,6.2735,26.1458,4.1351,-0.781
2020-01-14,6.2960,26.1157,4.1409,-0.170
2020-01-15,6.1007,25.6574,4.1773,-0.674
2020-01-16,6.1908,26.0255,4.1903,-0.323
2020-01-17,6.3411,26.6341,4.1857,-0.346
2020-01-21,5.9504,25.2442,4.2000,-1.000
2020-01-22,6.0255,25.3343,4.1852,-0.459
2020-01-23,6.2209,26.0030,4.1689,-0.264
2020-01-24,6.1307,25.8077,4.1879,-0.515
2020-01-27,5.9504,25.2141,4.2268,-0.250
2020-01-28,5.9880,25.2442,4.2094,-0.152
2020-01-29,5.8452,24.8835,4.2162,-0.960
2020-01-30,5.8678,25.1315,4.2602,-0.532
2020-01-31,5.7325,24.7107,4.2801,-0.708
2020-02-03,5.8227,24.8685,4.2411,-0.699
2020-02-04,5.8302,24.8685,4.2405,-0.585
2020-02-05,5.9128,25.3494,4.2567,-0.711
2020-02-06,5.8452,25.0563,4.2694,-0.402
2020-02-07,5.8603,25.3418,4.3126,-0.272
2020-02-10,5.8903,25.6123,4.3155,-0.752
2020-02-11,5.9204,25.8377,4.3346,-0.679
2020-02-12,5.8377,25.4921,4.3428,-0.549
2020-02-13,5.7175,25.0038,4.3302,-0.983
2020-02-14,5.6724,24.4403,4.3104,0.042
2020-02-18,5.4996,24.0947,4.3507,-0.695
2020-02-19,5.5898,24.4403,4.3660,-0.144
2020-02-20,5.4921,24.0872,4.3845,-0.029
2020-02-21,5.4395,23.8993,4.3830,-0.242
2020-02-26,5.1014,22.6146,4.4304,-0.058
2020-02-27,5.0488,22.5169,4.4587,-0.025
2020-02-28,5.0939,22.9376,4.4906,-0.274
2020-03-02,5.1766,23.2457,4.4782,-0.275
2020-03-03,4.9962,22.6296,4.4908,-0.851
2020-03-04,5.0113,22.8775,4.5497,-0.340
2020-03-05,4.8009,22.1262,4.6533,0.966
2020-03-06,4.5980,21.4951,4.6380,-0.788
2020-03-09,4.1247,19.9474,4.7304,-2.185
2020-03-10,4.3501,20.4282,4.6745,-0.458
2020-03-11,3.9519,18.7754,4.6844,-1.401
2020-03-12,3.3434,16.2585,4.8563,-0.136
2020-03-13,3.9068,19.0008,4.7622,-2.082
2020-03-16,3.3283,16.2885,4.9813,1.786
2020-03-17,3.5687,17.5958,5.0185,1.784
2020-03-18,2.9677,15.5447,5.1136,-2.374
2020-03-19,3.0804,15.5898,5.1503,1.765
2020-03-20,2.8325,14.4553,5.0010,-2.007
2020-03-23,2.5545,13.2757,5.1286,-1.317
2020-03-24,3.0278,15.2742,5.0731,0.564
2020-03-25,3.2832,16.4162,5.0589,1.178
2020-03-26,3.3509,16.7618,4.9972,-0.101
2020-03-27,3.0579,15.6724,5.1113,-0.273
2020-03-30,3.1029,16.1608,5.1593,-0.940
2020-03-31,3.0503,15.6048,5.1855,1.363
2020-04-01,2.8400,14.9211,5.2494,-0.087
2020-04-02,2.8475,14.9887,5.2649,0.020
2020-04-03,2.6672,14.4328,5.3129,-1.818
2020-04-06,2.9752,15.8001,5.2342,-1.439
2020-04-07,3.0954,16.3937,5.2319,-1.213
2020-04-08,3.2908,16.8295,5.1701,1.094
2020-04-09,3.2832,16.8219,5.0708,-1.030
2020-04-13,3.2908,17.2577,5.1871,-1.091
2020-04-14,3.3471,17.4463,5.2074,-0.095
2020-04-15,3.2231,16.9421,5.2559,-0.010
2020-04-16,3.1157,16.5041,5.2318,-1.232
2020-04-17,3.1818,16.8264,5.2550,-0.630
2020-04-20,3.0331,16.2810,5.2911,-1.430
2020-04-22,2.9752,16.2231,5.3955,-1.050
2020-04-23,2.8760,15.9917,5.4498,-1.988
2020-04-24,2.5785,14.7438,5.6858,-0.562
2020-04-27,2.6777,15.1736,5.6741,0.131
2020-04-28,2.9752,16.5041,5.5646,0.313
2020-04-29,3.1736,17.0579,5.3923,0.322
2020-04-30,2.9091,15.8264,5.4296,-0.197
2020-05-04,2.7355,15.1240,5.5714,0.772
2020-05-05,2.7025,15.1240,5.5623,-0.608
2020-05-06,2.6033,14.8099,5.6798,-0.160
2020-05-07,2.4545,14.1736,5.8027,0.490
2020-05-08,2.6281,14.8099,5.7455,1.957
2020-05-11,2.5207,14.5868,5.7958,0.154
2020-05-12,2.4132,14.1322,5.7922,-1.092
2020-05-13,2.3719,14.0083,5.9204,0.245
2020-05-14,2.5124,14.7769,5.9181,0.621
2020-05-15,2.4298,14.1405,5.8235,0.065
2020-05-18,2.5702,14.8843,5.7080,-1.433
2020-05-19,2.4793,14.4463,5.7101,-2.001
2020-05-20,2.5537,14.5950,5.6909,-0.425
2020-05-21,2.7355,15.4050,5.5989,-0.577
2020-05-22,2.7686,15.4959,5.5663,-0.549
2020-05-26,2.9587,15.8760,5.3760,0.188
2020-05-27,3.0496,16.1488,5.2818,-0.257
2020-05-28,2.9421,15.7851,5.3346,-0.570
2020-05-29,2.8595,15.6612,5.4248,-0.951
2020-06-01,3.0083,16.3636,5.3727,-1.229
2020-06-02,3.2810,17.0826,5.2331,0.510
2020-06-03,3.4959,17.8430,5.0417,-1.221
2020-06-04,3.5207,18.0992,5.0927,-0.937
2020-06-05,3.7190,18.4298,4.9542,-0.027
2020-06-08,3.9669,19.3967,4.8858,-0.077
2020-06-09,3.8512,18.9669,4.8990,-0.526
2020-06-10,3.6529,18.0826,4.8979,-1.057
2020-06-12,3.5289,17.8760,5.0241,-0.819
2020-06-15,3.4050,17.4793,5.2082,1.455
2020-06-16,3.4959,18.2066,5.1563,-0.993
2020-06-17,3.4959,18.4959,5.2640,-0.506
2020-06-18,3.4215,18.4298,5.3540,-0.603
2020-06-19,3.3884,18.4793,5.3388,-2.106
2020-06-22,3.3636,17.8347,5.2235,-1.484
2020-06-23,3.4545,17.8099,5.1578,0.045
2020-06-24,3.2066,17.2314,5.3020,-1.334
2020-06-25,3.2893,17.6446,5.3541,-0.191
2020-06-26,3.1157,17.0992,5.4661,-0.400
2020-06-29,3.2231,17.6942,5.4587,-0.565
2020-06-30,3.1488,17.1074,5.4844,0.945
2020-07-01,3.2562,17.4876,5.3492,-0.398
2020-07-02,3.2397,17.5289,5.3146,-1.776
2020-07-06,3.4463,18.7190,5.3140,-2.166
2020-07-07,3.3140,17.9421,5.3580,-1.034
2020-07-08,3.4463,18.5537,5.3581,-0.475
2020-07-09,3.3636,18.1405,5.3182,-1.389
2020-07-10,3.4215,18.4050,5.3334,-0.852
2020-07-13,3.3471,18.1488,5.3439,-1.444
2020-07-14,3.4298,18.4545,5.4290,0.897
2020-07-15,3.4380,18.7603,5.3620,-1.736
2020-07-16,3.4215,18.4298,5.3430,-0.807
2020-07-17,3.4132,18.5207,5.3520,-1.367
2020-07-20,3.4793,18.6942,5.3365,-0.678
2020-07-21,3.6198,19.1983,5.1936,-2.075
2020-07-22,3.6777,18.8678,5.0973,-0.644
2020-07-23,3.5537,18.5950,5.1405,-1.759
2020-07-24,3.5537,18.7107,5.1948,-1.336
2020-07-27,3.7438,19.5702,5.1835,-0.839
2020-07-28,3.7686,19.4380,5.1684,0.204
2020-07-29,3.8264,20.0496,5.1483,-1.745
2020-07-30,3.7521,19.3471,5.1824,0.504
2020-07-31,3.4876,18.5455,5.1967,-2.272
2020-08-03,3.4298,18.3471,5.3200,-0.550
2020-08-04,3.3471,17.9504,5.3259,-0.691
2020-08-05,3.3802,18.0331,5.2928,-0.790
2020-08-06,3.3802,18.1570,5.3537,-0.334
2020-08-07,3.3140,18.0496,5.4343,-0.222
2020-08-10,3.3223,18.2066,5.4230,-1.042
2020-08-11,3.3140,18.0579,5.4230,-0.475
2020-08-12,3.2562,17.8926,5.4745,-0.372
2020-08-13,3.2645,17.5207,5.3835,0.306
2020-08-14,3.2066,17.5455,5.3881,-1.527
2020-08-17,3.0744,17.0331,5.4734,-1.208
2020-08-18,3.1322,17.2149,5.4845,-0.210
2020-08-19,3.0992,17.1488,5.5045,-0.521
2020-08-20,3.0496,17.1074,5.6370,0.486
2020-08-21,3.0413,17.1074,5.5949,-0.535
2020-08-24,3.1074,17.4959,5.6010,-0.521
2020-08-25,3.1488,17.4959,5.6046,0.867
2020-08-26,3.0331,17.1322,5.6073,-0.729
2020-08-27,3.0992,17.3884,5.5965,-0.252
2020-08-28,3.2727,17.7438,5.4469,0.464
2020-08-31,3.1157,17.1405,5.4698,-0.573
2020-09-01,3.2397,17.4876,5.3578,-0.744
2020-09-02,3.2314,17.4545,5.3550,-0.861
2020-09-03,3.4050,18.1405,5.3078,-0.373
2020-09-04,3.4050,18.1570,5.2873,-0.848
2020-09-08,3.3140,17.8678,5.3510,-0.752
2020-09-09,3.3388,17.8182,5.2849,-0.969
2020-09-10,3.2231,17.2314,5.3023,-0.820
2020-09-11,3.1488,16.9091,5.3040,-1.230
2020-09-14,3.2314,17.1074,5.2892,-0.093
2020-09-15,3.1818,16.9256,5.2852,-0.644
2020-09-16,3.2231,16.9587,5.2410,-0.390
2020-09-17,3.2314,17.0000,5.2584,-0.047
2020-09-18,3.0331,16.5950,5.3056,-3.030
2020-09-21,2.9917,16.3471,5.4397,-0.446
2020-09-22,2.9835,16.4463,5.4700,-0.770
2020-09-23,2.8430,16.0579,5.5490,-1.757
2020-09-24,2.9421,16.3636,5.5308,-0.557
2020-09-25,2.9091,16.3471,5.5644,-0.977
2020-09-28,2.8760,16.2975,5.6155,-0.903
2020-09-29,2.7851,15.9091,5.6679,-0.775
2020-09-30,2.8347,16.0413,5.6326,-0.465
2020-10-01,2.8430,16.1157,5.6463,-0.393
2020-10-02,2.8430,16.2314,5.6822,-0.475
2020-10-05,2.9504,16.4628,5.6173,0.671
2020-10-06,2.9256,16.4050,5.5402,-1.197
2020-10-07,2.8430,16.2314,5.6125,-1.696
2020-10-08,3.0413,17.0661,5.5948,-0.296
2020-10-09,3.0992,17.1405,5.5220,-0.157
2020-10-13,3.0661,17.2397,5.5944,-0.502
2020-10-14,3.0661,17.2562,5.5804,-0.846
2020-10-15,3.0165,17.1405,5.6160,-1.165
2020-10-16,2.9669,16.8017,5.6228,-0.709
2020-10-19,3.0413,17.0331,5.5780,-0.403
2020-10-20,3.1736,17.7686,5.5773,-0.387
2020-10-21,3.1901,17.9504,5.6084,-0.330
2020-10-22,3.3554,18.7769,5.5843,-0.210
2020-10-23,3.3058,18.6942,5.6135,-0.734
2020-10-26,3.3388,18.9256,5.6141,-0.956
2020-10-27,3.2231,18.3967,5.6484,-1.039
2020-10-28,2.9752,17.3554,5.7406,-1.590
2020-10-29,2.9752,17.1818,5.7790,0.069
2020-10-30,2.8926,16.6612,5.7588,-0.021
2020-11-03,2.9917,17.2314,5.7328,-0.466
2020-11-04,3.0083,17.0909,5.6540,-0.481
2020-11-05,3.1240,17.3554,5.5682,0.228
2020-11-06,3.2149,17.3140,5.4577,1.339
2020-11-09,3.5289,18.9587,5.3696,-0.051
2020-11-10,3.7438,20.1818,5.3715,-0.357
2020-11-11,3.7190,20.0992,5.3715,-0.610
2020-11-12,3.5289,19.3058,5.4141,-1.035
2020-11-13,3.6529,19.9917,5.5006,0.507
2020-11-16,3.8678,20.8760,5.3999,0.046
2020-11-17,3.9421,20.9917,5.3401,0.285
2020-11-18,3.8347,20.3471,5.3069,0.016
2020-11-19,3.8678,20.3636,5.3149,0.949
2020-11-23,3.7769,20.2314,5.4360,1.481
2020-11-24,3.9835,21.1405,5.3910,1.582
2020-11-25,3.9669,20.8678,5.3224,1.178
2020-11-27,3.8347,20.3636,5.3224,0.227
2020-11-30,3.7521,20.0826,5.3785,0.487
2020-12-01,4.0579,21.2066,5.2630,0.707
2020-12-02,4.0992,21.4215,5.2384,0.241
2020-12-03,4.1653,21.1405,5.1243,0.964
2020-12-04,4.2066,21.3223,5.1610,1.820
2020-12-07,4.2149,21.4628,5.0713,-0.410
2020-12-08,4.1570,21.2066,5.0824,-0.372
2020-12-09,4.1488,21.2645,5.1504,0.486
2020-12-10,4.4215,22.1405,5.0699,1.247
2020-12-11,4.3802,21.9669,5.0538,0.772
2020-12-14,4.3140,21.8512,5.1103,0.892
2020-12-15,4.3554,21.8512,5.1105,1.862
2020-12-16,4.4545,22.3471,5.1282,2.223
2020-12-17,4.4132,22.4545,5.0591,-0.568
2020-12-18,4.4132,22.4959,5.0810,-0.321
2020-12-21,4.2645,21.9504,5.1280,-0.375
2020-12-22,4.3223,22.3967,5.1593,-0.431
2020-12-23,4.4050,22.9091,5.2087,0.153
2020-12-28,4.3884,23.1322,5.3016,0.577
2020-12-29,4.3554,22.7521,5.1679,-1.072
2020-12-30,4.3554,22.4298,5.1760,0.507
2021-01-04,4.1736,21.8430,5.2466,0.247
2021-01-05,4.1322,21.6942,5.3035,1.019
2021-01-06,4.2314,22.4132,5.3368,0.754
2021-01-07,4.2810,23.0083,5.4024,0.519
2021-01-08,4.2231,22.8099,5.3855,-0.290
2021-01-11,4.0992,22.4050,5.4809,0.278
2021-01-12,4.1983,22.3884,5.4166,1.574
2021-01-13,4.1901,22.0496,5.2938,0.598
2021-01-14,4.3884,22.7273,5.2304,0.994
2021-01-15,4.1653,22.0992,5.2589,-0.879
2021-01-19,4.0909,21.8182,5.3330,-0.006
2021-01-20,4.0744,21.3636,5.3330,1.709
2021-01-21,3.9504,21.0579,5.3753,0.840
2021-01-22,3.7934,20.6694,5.4518,0.055
2021-01-26,3.7769,20.1736,5.3682,0.503
2021-01-27,3.7934,20.4628,5.4139,0.363
2021-01-28,3.8678,21.0992,5.3992,-1.025
2021-01-29,3.7521,20.4463,5.4479,-0.026
2021-02-01,3.8099,20.8678,5.4746,-0.048
2021-02-02,3.8678,20.7686,5.3704,0.014
2021-02-03,3.8760,20.8678,5.3624,-0.397
2021-02-04,3.9587,21.4959,5.4236,-0.119
2021-02-05,4.0000,21.3802,5.3522,0.134
2021-02-08,3.9339,20.9256,5.3153,-0.076
2021-02-09,3.9421,21.0331,5.4261,1.699
2021-02-10,3.8926,20.8017,5.3601,0.302
2021-02-11,3.9091,20.8264,5.3876,1.124
2021-02-12,3.8760,20.8264,5.3699,-0.060
2021-02-17,3.8760,20.8099,5.4059,0.690
2021-02-18,3.8182,20.5868,5.4391,0.878
2021-02-19,3.7851,20.4132,5.3938,0.015
2021-02-22,3.4876,19.0744,5.4781,0.163
2021-02-23,3.7107,19.9835,5.4267,0.769
2021-02-24,3.6942,19.8430,5.4249,0.997
2021-02-25,3.5289,19.4132,5.4903,-0.198
2021-02-26,3.4215,19.0083,5.5724,0.303
2021-03-01,3.2810,18.3802,5.5704,-0.564
2021-03-02,3.3554,18.8595,5.7110,1.607
2021-03-03,3.3719,19.0248,5.7591,2.073
2021-03-04,3.4876,19.7603,5.5666,-1.752
2021-03-05,3.6364,20.6942,5.6912,0.005
2021-03-08,3.4132,19.9587,5.7341,-1.939
2021-03-09,3.4959,20.1240,5.8084,0.902
2021-03-10,3.6116,20.4628,5.6720,0.108
2021-03-11,3.7521,20.8182,5.5530,0.082
2021-03-12,3.7025,20.6777,5.5530,-0.570
2021-03-15,3.6942,20.9669,5.6539,-0.383
2021-03-16,3.6612,20.6198,5.5756,-1.002
2021-03-17,3.8264,21.4793,5.6550,0.741
2021-03-18,3.8926,21.8760,5.5366,-1.483
2021-03-19,3.9339,22.0992,5.4750,-2.539
2021-03-22,3.9669,21.9835,5.5316,-0.182
2021-03-23,3.9091,21.7438,5.4771,-1.533
2021-03-24,3.8182,21.5207,5.5550,-1.444
2021-03-25,3.8595,22.0000,5.6352,-1.141
2021-03-26,3.8430,22.1488,5.7132,-0.872
2021-03-29,3.8182,22.2397,5.7778,-0.805
2021-03-30,3.9008,22.6116,5.7439,-0.909
2021-03-31,3.8843,22.1240,5.6590,-0.645
2021-04-01,3.7107,21.3140,5.6887,-0.961
2021-04-05,3.7438,21.4959,5.6584,-1.451
2021-04-06,3.7190,21.1570,5.6143,-1.311
2021-04-07,3.6612,20.9256,5.6062,-1.914
2021-04-08,3.7025,20.8595,5.5743,-1.058
2021-04-09,3.6612,20.8264,5.6522,-0.638
2021-04-12,3.6860,21.2149,5.6974,-1.011
2021-04-13,3.6777,21.0744,5.6898,-0.707
2021-04-14,3.7438,21.3223,5.6806,-0.259
2021-04-15,3.7521,21.3223,5.6110,-1.264
2021-04-16,3.8182,21.5702,5.6107,-0.684
2021-04-19,3.8545,21.4727,5.5687,-0.037
2021-04-20,3.7545,21.1455,5.5185,-2.015
2021-04-22,3.8273,21.0000,5.4971,0.185
2021-04-23,3.8545,21.3909,5.5011,-0.873
2021-04-26,3.8636,21.4091,5.4508,-1.631
2021-04-27,3.8727,21.2182,5.4342,-0.815
2021-04-28,4.1364,22.3545,5.3964,-0.148
2021-04-29,4.0182,21.6091,5.3624,-0.287
2021-04-30,3.9545,21.6818,5.4194,-1.156
2021-05-03,4.0545,22.3273,5.3857,-2.198
2021-05-04,3.9455,21.6364,5.4490,-0.636
2021-05-05,4.0091,21.6727,5.3648,-0.760
2021-05-06,4.1000,21.7818,5.2804,-0.607
2021-05-07,4.1727,21.8727,5.2140,-0.531
2021-05-10,4.2545,22.4000,5.2244,-0.770
2021-05-11,4.2545,22.3636,5.2124,-0.837
2021-05-12,4.0727,21.9091,5.2529,-2.353
2021-05-13,4.1818,22.4182,5.2793,-1.522
2021-05-14,4.2818,22.6273,5.2574,-0.513
2021-05-17,4.2636,22.7273,5.2594,-1.334
2021-05-18,4.3455,23.0909,5.2359,-1.466
2021-05-19,4.3364,23.2455,5.2650,-1.783
2021-05-20,4.4000,23.4636,5.2831,-0.929
2021-05-21,4.3727,23.5727,5.3235,-1.249
2021-05-24,4.3818,23.5091,5.3223,-0.799
2021-05-25,4.3364,23.3909,5.3060,-1.634
2021-05-26,4.4818,23.9273,5.3062,-0.610
2021-05-27,4.5636,24.0727,5.2642,-0.203
2021-05-28,4.6182,24.1273,5.2187,-0.109
2021-06-01,4.7545,24.6182,5.1631,-0.284
2021-06-02,4.9818,25.5636,5.0743,-1.113
2021-06-04,5.0455,25.5364,5.0670,0.113
2021-06-07,5.0909,25.8545,5.0190,-1.173
2021-06-08,5.1000,25.6727,5.0383,0.088
2021-06-09,4.9818,25.5455,5.0651,-1.222
2021-06-10,5.0000,25.5909,5.0672,-0.996
2021-06-11,4.9455,25.4909,5.1299,-0.476
2021-06-14,4.9909,25.3818,5.0567,-0.568
2021-06-15,5.0273,25.4000,5.0911,0.765
2021-06-16,5.0455,25.5273,4.9991,-1.193
2021-06-17,5.0273,25.4182,5.0244,-0.626
2021-06-18,4.9000,25.0909,5.0405,-1.564
2021-06-21,4.9727,25.1545,5.0306,-0.552
2021-06-22,4.9364,24.6909,4.9994,-0.049
2021-06-23,4.9364,24.5818,4.9518,-0.561
2021-06-24,5.0091,24.7636,4.9169,-0.543
2021-06-25,4.8182,23.9909,4.9245,-1.099
2021-06-28,4.8000,23.8727,4.9451,-0.571
2021-06-29,4.7545,23.7273,4.9378,-1.055
2021-06-30,4.6636,23.3909,5.0083,-0.145
2021-07-01,4.5455,23.1000,5.0339,-0.946
2021-07-02,4.5455,23.6364,5.0431,-3.017
2021-07-06,4.2545,22.4545,5.1803,-1.847
2021-07-07,4.2636,22.6182,5.2678,-0.699
2021-07-08,4.2091,22.3545,5.2336,-1.458
2021-07-12,4.3818,22.9182,5.1939,-0.696
2021-07-13,4.3818,22.9000,5.1544,-1.373
2021-07-14,4.4636,23.0000,5.0861,-1.293
2021-07-15,4.3818,22.6545,5.1180,-1.008
2021-07-16,4.3000,22.6545,5.0922,-3.346
2021-07-19,4.1273,21.8273,5.2100,-1.485
2021-07-20,4.1818,22.1636,5.2190,-1.528
2021-07-21,4.2182,22.1727,5.2313,-0.479
2021-07-22,4.1636,22.0000,5.2071,-1.452
2021-07-23,4.1545,21.7727,5.1766,-1.223
2021-07-26,4.2182,21.9545,5.1720,-0.629
2021-07-27,4.2455,22.1273,5.1603,-0.992
2021-07-28,4.3909,22.6455,5.1547,-0.051
2021-07-29,4.3909,22.4273,5.0497,-1.135
2021-07-30,4.2455,22.0455,5.1411,-0.994
2021-08-02,4.2818,22.1818,5.1251,-1.069
2021-08-03,4.2727,22.2909,5.2362,0.368
2021-08-04,4.1000,21.4091,5.2362,0.277
2021-08-05,4.0727,21.0909,5.1750,-0.069
2021-08-06,4.1364,21.5545,5.2236,0.242
2021-08-09,4.1000,21.5455,5.2861,0.592
2021-08-10,4.0909,21.2364,5.1931,0.038
2021-08-11,4.1000,21.3182,5.2030,0.066
2021-08-12,4.0273,21.0182,5.2352,0.311
2021-08-13,4.0636,21.1182,5.2345,0.724
2021-08-16,3.9636,20.9455,5.2466,-0.715
2021-08-17,3.9545,20.8636,5.2538,-0.418
2021-08-18,3.8636,20.7273,5.3421,-0.421
2021-08-19,3.8455,20.6818,5.4027,0.455
2021-08-20,3.8455,20.5636,5.3990,0.963
2021-08-23,3.8545,20.7091,5.3840,0.211
2021-08-24,4.0727,21.2545,5.2771,1.118
2021-08-25,4.0909,21.2909,5.2470,0.818
2021-08-26,3.9727,20.8818,5.2428,-0.257
2021-08-27,4.0909,21.1545,5.1956,0.474
2021-08-30,4.0364,20.9273,5.1921,0.143
2021-08-31,4.0727,21.0455,5.1405,-0.521
2021-09-01,4.0727,21.0091,5.1809,0.435
2021-09-02,3.9273,20.2545,5.1640,0.128
2021-09-03,3.8818,20.1545,5.1692,-0.440
2021-09-08,3.6000,19.1909,5.2843,-0.872
2021-09-09,3.6545,19.2727,5.2764,0.052
2021-09-10,3.6364,19.0364,5.2169,-0.346
2021-09-13,3.7364,19.4273,5.2073,0.150
2021-09-14,3.6909,19.3000,5.2235,-0.106
2021-09-15,3.6455,19.1273,5.2550,0.155
2021-09-16,3.5818,18.8818,5.2535,-0.343
2021-09-17,3.4455,18.2000,5.2950,0.240
2021-09-20,3.2818,17.5182,5.3266,-0.213
2021-09-21,3.3727,17.7727,5.2895,0.379
2021-09-22,3.4273,18.0364,5.2715,0.169
2021-09-23,3.5545,18.8364,5.2917,-0.142
2021-09-24,3.4545,18.4182,5.3404,0.165
2021-09-27,3.5273,18.9727,5.3571,-0.405
2021-09-28,3.4000,18.5727,5.4279,-0.635
2021-09-29,3.4909,18.9091,5.4062,-0.193
2021-09-30,3.4818,18.9364,5.4528,0.260
2021-10-01,3.6273,19.4091,5.3674,0.309
2021-10-04,3.4909,18.8455,5.4333,0.646
2021-10-05,3.5091,19.1636,5.4633,0.040
2021-10-06,3.5455,19.3091,5.5130,1.227
2021-10-07,3.4545,18.8273,5.5073,1.051
2021-10-08,3.4636,18.9545,5.5178,0.829
2021-10-11,3.3818,18.6091,5.5178,0.275
2021-10-13,3.3818,18.5545,5.5525,1.202
2021-10-14,3.3455,18.3818,5.5048,0.186
2021-10-15,3.5545,19.3455,5.4457,0.060
2021-10-18,3.5636,19.6818,5.5211,-0.034
2021-10-19,3.4182,19.0727,5.5525,-0.489
2021-10-20,3.5364,19.7273,5.5476,-0.552
2021-10-21,3.4091,19.3182,5.6455,-0.374
2021-10-22,3.2727,18.5909,5.7223,0.735
2021-10-25,3.4000,18.8727,5.6009,0.903
2021-10-26,3.3091,18.4455,5.5833,0.164
2021-10-27,3.3455,18.6909,5.5812,-0.103
2021-10-28,3.3182,18.6273,5.6120,-0.030
2021-10-29,3.1818,18.0909,5.6291,-0.996
2021-11-01,3.3000,18.7182,5.6795,0.129
2021-11-03,3.3000,18.5455,5.6188,-0.018
2021-11-04,3.1000,17.3182,5.5877,0.021
2021-11-05,3.2818,18.1727,5.5335,-0.070
2021-11-08,3.2091,17.7545,5.5455,0.234
2021-11-09,3.2182,17.5545,5.5020,0.865
2021-11-10,3.3727,18.5364,5.4709,-0.456
2021-11-11,3.4545,18.6273,5.4709,1.461
2021-11-12,3.5000,18.8091,5.4341,1.118
2021-11-16,3.4455,18.7818,5.4980,0.859
2021-11-17,3.4091,18.8636,5.5082,-0.454
2021-11-18,3.3636,18.6818,5.5485,-0.100
2021-11-19,3.3364,18.6636,5.5728,-0.379
2021-11-22,3.2727,18.3455,5.5860,-0.349
2021-11-23,3.3182,18.7000,5.6485,0.229
2021-11-24,3.4182,19.1818,5.5937,-0.321
2021-11-26,3.3182,18.5636,5.5903,-0.075
2021-11-29,3.2545,18.4273,5.6233,-0.684
2021-11-30,3.2000,18.1000,5.6569,0.011
2021-12-01,3.1455,18.0273,5.6355,-1.670
2021-12-02,3.3364,18.9273,5.6272,-0.808
2021-12-03,3.3000,18.8727,5.6773,-0.729
2021-12-06,3.3727,19.2727,5.6820,-0.565
2021-12-07,3.3818,19.0455,5.6294,-0.041
2021-12-08,3.4000,18.9273,5.5395,-0.491
2021-12-09,3.2909,18.4455,5.5838,-0.378
2021-12-10,3.2364,18.3727,5.5991,-1.372
2021-12-13,3.1364,18.0364,5.6598,-1.581
2021-12-14,3.1727,18.3091,5.6713,-1.724
2021-12-15,3.1909,18.3091,5.7099,-0.488
2021-12-16,3.2364,18.5364,5.6652,-1.088
2021-12-17,3.1636,18.0182,5.6754,-0.351
2021-12-20,3.0364,17.6455,5.7220,-1.538
2021-12-21,2.9909,17.3545,5.7475,-0.947
2021-12-22,3.0364,17.4364,5.7017,-0.711
2021-12-23,3.0727,17.4909,5.6821,-0.179
2021-12-27,3.1273,17.6909,5.6401,-0.298
2021-12-28,3.0909,17.6273,5.6372,-1.153
2021-12-29,3.0545,17.5455,5.6915,-0.915
2021-12-30,3.1000,17.4636,5.5749,-1.039
2022-01-03,3.1545,17.9000,5.6597,-0.258
2022-01-04,3.1364,18.0000,5.6770,-1.083
2022-01-05,3.0727,17.8727,5.6876,-2.217
2022-01-06,3.1727,18.1273,5.7027,-0.188
2022-01-07,3.2455,18.3909,5.6253,-0.730
2022-01-10,3.2091,18.4545,5.6788,-1.250
2022-01-11,3.3182,18.4818,5.5980,0.505
2022-01-12,3.3182,18.3455,5.5541,0.458
2022-01-13,3.3636,18.6727,5.5122,-0.705
2022-01-14,3.4273,18.9727,5.5393,0.063
2022-01-18,3.4273,19.4273,5.5329,-2.391
2022-01-19,3.5000,19.1818,5.4668,-0.250
2022-01-20,3.5000,19.1636,5.4052,-1.281
2022-01-21,3.4727,18.9636,5.4225,-0.700
2022-01-24,3.5182,19.3636,5.5116,0.140
2022-01-25,3.6818,20.1364,5.4818,0.232
2022-01-26,3.7000,20.1545,5.4366,-0.194
2022-01-27,3.7273,20.2545,5.4252,-0.165
2022-01-28,3.7818,20.5455,5.3943,-0.707
2022-01-31,3.9000,20.7273,5.2893,-0.478
2022-02-01,3.9455,20.8000,5.2812,0.177
2022-02-02,3.8273,20.4091,5.2787,-1.010
2022-02-03,3.8818,20.7091,5.3047,-0.566
2022-02-04,3.9000,20.8455,5.3266,-0.344
2022-02-07,3.9091,20.7727,5.2922,-0.409
2022-02-08,3.9182,20.6545,5.2712,-0.005
2022-02-09,3.5727,18.8818,5.2641,-0.395
2022-02-10,3.6182,19.1545,5.1978,-1.817
2022-02-11,3.6364,19.2182,5.2015,-1.580
2022-02-14,3.6273,19.2455,5.2153,-1.705
2022-02-15,3.7000,19.2636,5.1807,-0.493
2022-02-16,3.7545,19.4909,5.1584,-0.633
2022-02-17,3.6727,19.2636,5.1599,-1.623
2022-02-18,3.7455,19.3727,5.1219,-0.975
2022-02-22,3.7182,19.0727,5.0611,-1.335
2022-02-23,3.7636,18.9818,5.0181,-0.503
2022-02-24,3.5545,18.4091,5.1248,-1.047
2022-02-25,3.5545,18.5000,5.1515,-1.020
2022-03-02,3.5455,18.3091,5.1511,-0.252
2022-03-03,3.6727,18.6455,5.0551,-0.426
2022-03-04,3.5273,18.1091,5.0867,-0.922
2022-03-07,3.3909,17.6455,5.0841,-2.299
2022-03-08,3.5091,17.8727,5.0874,-0.115
2022-03-09,3.7364,19.0182,4.9932,-1.902
2022-03-10,3.7273,18.9000,5.0424,-0.559
2022-03-11,3.6636,18.8182,5.0513,-1.658
2022-03-14,3.6545,18.9545,5.0834,-1.989
2022-03-15,3.6091,18.9091,5.1424,-1.849
2022-03-16,3.7273,19.1818,5.1083,-0.739
2022-03-17,3.7727,19.2545,5.0427,-1.194
2022-03-18,3.8000,19.2091,5.0165,-0.762
2022-03-21,3.9273,19.6636,4.9477,-1.183
2022-03-22,4.0091,19.9091,4.9365,-0.594
2022-03-23,4.0364,19.7818,4.8479,-1.081
2022-03-24,4.1091,20.0727,4.8202,-1.326
2022-03-25,4.2182,20.2545,4.7577,-0.917
2022-03-28,4.1909,20.1545,4.7917,-0.362
2022-03-29,4.2727,20.5182,4.7554,-0.973
2022-03-30,4.2364,20.3909,4.7695,-0.910
2022-03-31,4.2182,20.2000,4.7264,-1.303
2022-04-01,4.2455,19.9818,4.6944,-0.260
2022-04-04,4.2727,19.8818,4.6195,-0.724
2022-04-05,4.1091,19.3273,4.6592,-0.943
2022-04-06,4.0455,19.2273,4.6892,-1.338
2022-04-07,4.0364,19.3091,4.7619,-0.457
2022-04-08,4.0818,19.5273,4.7495,-0.720
2022-04-11,4.1091,19.5000,4.7031,-0.895
2022-04-12,4.0909,19.3273,4.6705,-1.142
2022-04-13,4.1364,19.5273,4.6840,-0.781
2022-04-14,4.0909,19.4818,4.7070,-1.160
2022-04-18,4.1909,19.8273,4.6772,-1.138
2022-04-19,4.1600,19.5700,4.6689,-0.753
2022-04-20,4.1700,19.5000,4.6171,-1.265
2022-04-22,3.9300,19.2200,4.7675,-2.517
2022-04-25,3.8600,19.1000,4.9410,-0.145
2022-04-26,3.6300,18.2800,4.9850,-1.009
2022-04-27,3.6500,18.3900,5.0058,-0.646
2022-04-28,3.6400,18.2200,4.9973,-0.164
2022-04-29,3.6000,17.9800,4.9325,-1.240
2022-05-02,3.4800,17.9700,5.0275,-2.639
2022-05-03,3.6000,18.0700,4.9999,-0.389
2022-05-04,3.6700,18.3300,4.9962,0.033
2022-05-05,3.4900,17.7300,5.0481,-0.632
2022-05-06,3.5500,18.1000,5.0626,-0.706
2022-05-09,3.5000,18.3700,5.1235,-2.383
2022-05-10,3.5900,18.5500,5.1510,-0.312
2022-05-11,3.6200,18.8700,5.1042,-2.082
2022-05-12,3.6700,18.9900,5.1368,-0.726
2022-05-13,3.7800,19.2100,5.0801,-0.038
2022-05-16,3.8400,19.5300,5.0645,-0.422
2022-05-17,3.9500,19.9300,4.9546,-1.803
2022-05-18,3.8700,19.5600,4.9720,-1.628
2022-05-19,3.8900,19.4100,4.9035,-1.728
2022-05-20,3.9900,19.6700,4.8618,-1.380
2022-05-23,4.1200,19.9900,4.7934,-1.207
2022-05-24,4.1900,20.4100,4.8275,-0.896
2022-05-25,4.1400,20.1800,4.8498,-0.505
2022-05-26,4.2200,20.2900,4.7824,-0.534
2022-05-27,4.2900,20.5800,4.7255,-1.495
2022-05-31,4.2500,20.5000,4.7264,-2.014
2022-06-01,4.1500,20.1300,4.8003,-1.037
2022-06-02,4.1400,20.0300,4.7790,-1.223
2022-06-03,4.1000,19.9100,4.7973,-1.211
2022-06-06,4.1000,19.9300,4.7974,-1.308
2022-06-07,4.0300,19.7600,4.8848,-0.376
2022-06-08,3.9500,19.4100,4.8714,-0.865
2022-06-09,3.8900,19.4000,4.8880,-1.988
2022-06-10,3.7800,19.1100,4.9947,-1.204
2022-06-13,3.6400,18.8300,5.0988,-1.436
2022-06-14,3.5900,18.6400,5.1353,-1.096
2022-06-15,3.6600,18.7700,5.1117,-0.326
2022-06-17,3.5500,18.4800,5.1420,-1.222
2022-06-21,3.5800,18.6400,5.1333,-1.410
2022-06-22,3.5400,18.5600,5.1563,-1.652
2022-06-23,3.4100,18.0700,5.2021,-1.831
2022-06-24,3.3700,17.9200,5.2363,-1.527
2022-06-27,3.4600,18.1700,5.2078,-0.831
2022-06-28,3.3500,17.9100,5.2531,-1.743
2022-06-29,3.3700,17.6000,5.2386,0.307
2022-06-30,3.2600,17.2000,5.2196,-1.070
2022-07-01,3.2300,17.3300,5.3083,-1.063
2022-07-05,3.1700,17.1700,5.3903,-0.482
2022-07-06,3.1100,17.0300,5.4558,-0.367
2022-07-07,3.2300,17.3800,5.3520,-0.535
2022-07-08,3.2500,17.3900,5.2961,-1.022
2022-07-11,3.1400,17.0400,5.3432,-1.540
2022-07-12,3.1100,17.1100,5.4192,-1.498
2022-07-13,3.0800,16.7200,5.3764,-0.961
2022-07-14,2.9500,16.3400,5.4237,-2.081
2022-07-15,3.0200,16.4400,5.3840,-1.097
2022-07-18,3.0600,16.6500,5.3730,-1.253
2022-07-19,3.1300,17.2600,5.3940,-2.183
2022-07-20,3.1000,17.0400,5.4325,-1.169
2022-07-21,3.1300,17.2700,5.4970,-0.373
2022-07-22,3.0600,17.0500,5.4558,-2.084
2022-07-25,3.1900,17.2800,5.4015,-0.285
2022-07-26,3.1600,17.1600,5.3699,-1.114
2022-07-27,3.2500,17.2600,5.2962,-0.274
2022-07-28,3.3100,17.3900,5.2150,-0.738
2022-07-29,3.3200,17.4300,5.1810,-1.314
2022-08-01,3.3100,17.3900,5.1508,-1.960
2022-08-02,3.3000,17.6700,5.2420,-2.102
2022-08-03,3.3600,17.9500,5.2693,-1.366
2022-08-04,3.4200,18.2800,5.2165,-2.405
2022-08-05,3.5700,18.5000,5.1987,0.321
2022-08-08,3.5800,18.5600,5.1331,-0.989
2022-08-09,3.6300,18.8300,5.1302,-1.101
2022-08-10,3.7100,19.1300,5.0530,-2.004
2022-08-11,3.7000,19.2900,5.1396,-1.418
2022-08-12,3.7900,19.5300,5.0860,-1.301
2022-08-15,3.8100,19.4300,5.0818,-0.352
2022-08-16,3.8000,19.7100,5.1443,-0.820
2022-08-17,3.8000,19.7400,5.1705,-0.467
2022-08-18,3.8000,19.8600,5.1873,-0.747
2022-08-19,3.7600,19.6100,5.1947,-0.397
2022-08-22,3.6900,19.3400,5.1669,-1.417
2022-08-23,3.7700,19.4800,5.0810,-1.666
2022-08-24,3.7600,19.3700,5.0939,-1.120
2022-08-25,3.8100,19.5100,5.1160,-0.092
2022-08-26,3.7900,19.4400,5.0826,-0.910
2022-08-29,3.8700,19.5100,5.0273,-0.279
2022-08-30,3.7800,19.4500,5.0770,-1.331
2022-08-31,3.6300,18.9600,5.1870,-0.692
2022-09-01,3.6400,19.1200,5.2238,-0.551
2022-09-02,3.6800,19.3100,5.1720,-1.435
2022-09-06,3.6600,19.2300,5.2305,-0.449
2022-09-08,3.6600,19.1200,5.2196,-0.085
2022-09-09,3.7400,19.3800,5.1541,-0.535
2022-09-12,3.8000,19.5700,5.1562,0.120
2022-09-13,3.7100,19.4200,5.1860,-0.927
2022-09-14,3.7200,19.3300,5.1755,-0.399
2022-09-15,3.6600,19.2600,5.2330,-0.557
2022-09-16,3.5800,19.0400,5.2870,-0.591
2022-09-19,3.7700,19.5300,5.1762,-0.081
2022-09-20,3.8900,20.1600,5.1516,-0.597
2022-09-21,3.8300,20.0400,5.1806,-0.990
2022-09-22,3.9600,20.5000,5.1742,-0.050
2022-09-23,3.8200,20.1000,5.2370,-0.471
2022-09-26,3.6800,19.7400,5.3914,0.508
2022-09-27,3.6800,19.6200,5.3595,0.525
2022-09-28,3.6700,19.6300,5.3636,0.277
2022-09-29,3.7000,19.7800,5.3943,0.904
2022-09-30,3.6800,19.8400,5.4008,0.176
2022-10-03,4.0600,21.2100,5.1823,-0.801
2022-10-04,4.0900,21.1800,5.1523,-0.506
2022-10-05,4.1200,21.4100,5.2205,0.460
2022-10-06,4.0400,20.9700,5.2052,0.281
2022-10-07,3.9500,20.4700,5.2151,0.633
2022-10-10,3.8800,20.1600,5.2151,0.370
2022-10-11,3.8400,20.1100,5.2105,-0.506
2022-10-13,3.7800,19.8200,5.2779,0.658
2022-10-14,3.7100,19.6900,5.2980,-0.175
2022-10-17,3.7500,19.8300,5.2606,-0.518
2022-10-18,3.8000,19.9800,5.2905,0.620
2022-10-19,3.7900,20.0700,5.2816,-0.263
2022-10-20,3.8600,20.3000,5.2053,-1.022
2022-10-21,3.9900,20.7300,5.1750,-0.394
2022-10-24,3.7400,19.8500,5.2768,-0.578
2022-10-25,3.6800,19.7300,5.2898,-1.336
2022-10-26,3.5000,18.8700,5.3228,-1.273
2022-10-27,3.6100,19.2200,5.2839,-0.755
2022-10-28,3.5900,19.3300,5.3547,-0.552
2022-10-31,3.7900,19.8600,5.2464,0.120
2022-11-01,3.8700,19.9700,5.1073,-1.025
2022-11-03,3.8200,19.6100,5.1005,-0.643
2022-11-04,3.8400,19.4000,5.0443,-0.154
2022-11-07,3.6200,18.7600,5.1222,-1.160
2022-11-08,3.6100,18.5800,5.1422,-0.090
2022-11-09,2.9400,15.3500,5.1499,-1.363
2022-11-10,2.7300,14.9000,5.3287,-2.367
2022-11-11,2.8500,15.1500,5.3287,0.243
2022-11-14,2.8200,15.1600,5.3173,-1.090
2022-11-16,2.7900,15.2100,5.3542,-1.787
2022-11-17,2.8600,15.5400,5.4584,0.457
2022-11-18,2.9000,15.6100,5.3757,-0.131
2022-11-21,2.8900,15.5000,5.3335,-0.556
2022-11-22,2.8500,15.4400,5.3571,-1.116
2022-11-23,2.8500,15.3300,5.3905,0.215
2022-11-25,2.8500,15.3500,5.3838,-0.040
2022-11-28,2.8400,15.3300,5.3680,-0.554
2022-11-29,2.9000,15.5100,5.2945,-1.005
2022-11-30,2.9700,15.5800,5.2563,0.200
2022-12-01,2.9400,15.4000,5.1868,-0.979
2022-12-02,2.9500,15.3700,5.2100,-0.003
2022-12-05,2.7800,14.8000,5.2611,-1.177
2022-12-06,2.8700,15.1500,5.2415,-0.706
2022-12-07,2.8500,14.9800,5.2187,-0.712
2022-12-08,2.7600,14.5500,5.2003,-1.355
2022-12-09,2.7000,14.3000,5.2365,-1.129
2022-12-12,2.6700,14.1400,5.3344,0.727
2022-12-13,2.5500,13.7200,5.2690,-2.070
2022-12-14,2.6400,14.0100,5.2997,-0.134
2022-12-15,2.5800,13.8400,5.3285,-0.668
2022-12-16,2.5800,13.8200,5.2725,-1.570
2022-12-19,2.6800,14.2000,5.3097,0.211
2022-12-20,2.8100,14.7100,5.2006,-0.655
2022-12-21,2.8400,14.8300,5.1955,-0.504
2022-12-22,2.8700,14.8800,5.1655,-0.370
2022-12-23,2.9300,15.1400,5.1368,-0.589
2022-12-27,2.7600,14.7100,5.2790,-0.951
2022-12-28,2.9000,15.1600,5.2675,0.764
2022-12-29,2.9100,15.1500,5.2547,0.932
2023-01-03,2.5600,14.0000,5.4257,-0.787
2023-01-04,2.5800,14.0400,5.4430,0.021
2023-01-05,2.7300,14.6500,5.3840,0.330
2023-01-06,2.8600,15.0600,5.2533,-0.236
2023-01-09,2.7700,14.6600,5.2648,-0.522
2023-01-10,2.9000,15.1000,5.2159,0.173
2023-01-11,2.9600,15.4000,5.1950,-0.148
2023-01-12,2.9100,15.0400,5.1120,-1.091
2023-01-13,2.9200,14.9900,5.0968,-0.716
2023-01-17,2.8700,14.6300,5.0974,-0.003
2023-01-18,2.8700,14.8500,5.1288,-0.878
2023-01-19,2.8700,14.8800,5.2233,0.745
2023-01-20,2.8200,14.6700,5.2109,0.169
2023-01-23,2.7100,14.0500,5.1884,0.075
2023-01-24,2.7800,14.2000,5.1405,0.638
2023-01-25,2.7800,14.1000,5.0902,0.360
2023-01-26,2.8000,14.1400,5.0875,0.743
2023-01-27,2.6900,13.7200,5.0902,-0.199
2023-01-30,2.7000,13.7900,5.1024,-0.098
2023-01-31,2.7900,14.0200,5.0934,1.359
2023-02-01,2.7200,13.7500,5.0746,0.385
2023-02-02,2.7900,13.9400,5.0138,0.348
2023-02-03,2.6700,13.6300,5.1339,0.569
2023-02-06,2.6600,13.5800,5.2025,1.905
2023-02-07,2.6200,13.5000,5.1868,0.662
2023-02-08,2.7500,14.1600,5.2183,1.344
2023-02-09,2.6500,13.8000,5.2528,0.869
2023-02-10,2.4500,12.6700,5.2528,1.573
2023-02-13,2.5800,13.1200,5.1822,1.906
2023-02-14,2.5700,13.2400,5.1738,0.428
2023-02-15,2.6700,13.7600,5.2172,1.235
2023-02-16,2.6900,14.0200,5.2313,0.372
2023-02-17,2.7200,13.9400,5.1776,1.026
2023-02-22,2.6800,13.8000,5.1940,0.869
2023-02-23,2.7100,13.7400,5.1386,1.351
2023-02-24,2.5800,13.3000,5.1865,0.610
2023-02-27,2.5400,13.1700,5.2031,0.348
2023-02-28,2.5300,13.0800,5.2283,1.128
2023-03-01,2.5300,12.9800,5.1965,1.288
2023-03-02,2.5000,12.7900,5.2033,1.706
2023-03-03,2.4800,12.8600,5.2067,0.409
2023-03-06,2.6000,13.2900,5.1680,1.105
2023-03-07,2.6500,13.6000,5.1933,1.193
2023-03-08,2.7500,14.0200,5.1251,0.528
2023-03-09,2.7500,13.9700,5.1542,1.461
2023-03-10,2.6200,13.5700,5.1838,0.085
2023-03-13,2.5600,13.4200,5.2382,-0.076
2023-03-14,2.5500,13.3400,5.2565,0.480
2023-03-15,2.5700,13.5300,5.3062,0.790
2023-03-16,2.6700,13.9100,5.2800,1.349
2023-03-17,2.5300,13.3300,5.2813,0.238
2023-03-20,2.5100,13.1000,5.2475,0.544
2023-03-21,2.5100,13.1400,5.2458,0.205
2023-03-22,2.4900,13.0200,5.2594,0.583
2023-03-23,2.3800,12.5700,5.2692,-0.233
2023-03-24,2.4100,12.7100,5.2506,-0.441
2023-03-27,2.4800,12.9400,5.2340,0.312
2023-03-28,2.5100,12.9200,5.1678,0.396
2023-03-29,2.5200,12.9900,5.1405,-0.277
2023-03-30,2.6300,13.3800,5.1203,0.646
2023-03-31,2.6200,13.1700,5.0702,0.865
2023-04-03,2.5400,12.8400,5.0683,0.261
2023-04-04,2.5900,13.1100,5.0919,0.595
2023-04-05,2.6400,13.2200,5.0380,0.608
2023-04-06,2.5900,13.0300,5.0644,0.666
2023-04-10,2.6200,13.1800,5.0832,1.047
2023-04-11,2.7800,13.8700,5.0078,0.373
2023-04-12,2.8300,13.8000,4.9370,1.244
2023-04-13,2.8100,13.8100,4.9020,-0.256
2023-04-14,2.8100,13.7900,4.9385,0.632
2023-04-17,2.7900,13.7300,4.9450,0.485
2023-04-18,2.7600,13.6400,4.9735,0.637
2023-04-19,2.6500,13.3900,5.0511,-0.034
2023-04-20,2.7000,13.5100,5.0422,0.769
2023-04-24,2.6800,13.4000,5.0554,1.108
2023-04-25,2.7200,13.7000,5.0618,0.497
2023-04-26,2.6800,13.5000,5.0487,0.226
2023-04-27,2.7700,13.7600,5.0116,0.888
2023-04-28,2.8000,13.8500,5.0049,1.182
2023-05-02,2.7200,13.6500,5.0410,0.451
2023-05-03,2.7700,13.7500,5.0133,0.995
2023-05-04,2.8200,14.0700,5.0196,0.606
2023-05-05,3.0100,14.7700,4.9534,0.946
2023-05-08,3.0800,15.3200,4.9925,0.371
2023-05-09,3.0800,15.1700,4.9838,1.187
2023-05-10,3.1100,15.2000,4.9559,1.400
2023-05-11,3.1300,15.4000,4.9580,0.770
2023-05-12,3.1700,15.4700,4.9250,0.920
2023-05-15,3.2400,15.7100,4.9056,1.172
2023-05-16,3.1800,15.7200,4.9139,-0.597
2023-05-17,3.2000,15.6500,4.9416,1.042
2023-05-18,3.1800,15.7000,4.9641,0.547
2023-05-19,3.2300,16.0800,4.9842,0.118
2023-05-22,3.2300,15.9200,4.9627,0.688
2023-05-23,3.2500,16.0500,4.9535,0.305
2023-05-24,3.1600,15.5600,4.9427,0.379
2023-05-25,3.2400,16.1200,5.0147,0.792
2023-05-26,3.2400,16.1200,5.0035,0.567
2023-05-30,3.1300,15.7000,5.0614,0.906
2023-05-31,3.0800,15.5100,5.1087,1.449
2023-06-01,3.1700,15.7800,5.0201,0.847
2023-06-02,3.2600,15.7800,4.9592,2.452
2023-06-05,3.3300,16.3300,4.9171,0.269
2023-06-06,3.3800,16.5900,4.9108,0.051
2023-06-07,3.3700,16.5800,4.9082,-0.237
2023-06-09,3.4700,16.8600,4.8846,0.531
2023-06-12,3.4300,16.7200,4.8773,0.055
2023-06-13,3.4600,16.7400,4.8567,0.383
2023-06-14,3.5000,16.8500,4.8424,0.584
2023-06-15,3.5200,16.9000,4.8111,0.208
2023-06-16,3.5100,16.9500,4.8309,0.038
2023-06-20,3.6200,17.2900,4.7959,0.412
2023-06-21,3.6500,17.2500,4.7640,0.803
2023-06-22,3.5300,16.8000,4.7764,0.361
2023-06-23,3.4900,16.5900,4.7734,0.417
2023-06-26,3.4600,16.5100,4.7700,-0.035
2023-06-27,3.4200,16.3700,4.8042,0.369
2023-06-28,3.3200,16.1000,4.8433,-0.126
2023-06-29,3.3400,16.1700,4.8491,0.161
2023-06-30,3.4600,16.4500,4.8102,1.175
2023-07-03,3.4700,16.6600,4.7900,-0.232
2023-07-05,3.4300,16.5700,4.8574,0.548
2023-07-06,3.2800,16.1700,4.9250,-0.099
2023-07-07,3.3600,16.2800,4.8622,0.350
2023-07-10,3.3400,16.2900,4.8652,-0.247
2023-07-11,3.3700,16.3000,4.8823,0.941
2023-07-12,3.3600,16.1500,4.8148,0.172
2023-07-13,3.4700,16.5500,4.8131,0.915
2023-07-14,3.3900,16.4300,4.7988,-0.986
2023-07-17,3.4700,16.6000,4.8249,0.858
2023-07-18,3.4300,16.5700,4.7985,-0.671
2023-07-19,3.4700,16.5100,4.8022,0.931
2023-07-20,3.4700,16.5200,4.8074,0.979
2023-07-21,3.5800,17.0600,4.7680,0.055
2023-07-24,3.4900,16.6000,4.7309,-0.537
2023-07-25,3.4700,16.5400,4.7442,-0.469
2023-07-26,3.5500,16.7100,4.7355,0.605
2023-07-27,3.4300,16.3300,4.7179,-0.904
2023-07-28,3.4900,16.5100,4.7306,-0.001
2023-07-31,3.5300,16.6600,4.7407,0.448
2023-08-01,3.4600,16.6200,4.7824,-0.439
2023-08-02,3.4700,16.6700,4.8140,0.207
2023-08-03,3.4000,16.5500,4.8820,0.295
2023-08-04,3.1300,15.4500,4.8548,-1.647
2023-08-07,3.1100,15.3400,4.8971,-0.717
2023-08-08,3.1400,15.4100,4.9083,0.013
2023-08-09,3.1100,15.3300,4.9020,-0.553
2023-08-10,3.1400,15.4600,4.8453,-1.590
2023-08-11,3.1000,15.3700,4.8944,-1.284
2023-08-14,3.0500,15.2900,4.9555,-1.149
2023-08-15,3.0500,15.3300,4.9753,-1.013
2023-08-16,3.0500,15.2500,4.9660,-0.680
2023-08-17,3.0200,15.0900,4.9836,-0.262
2023-08-18,3.0400,15.1900,4.9649,-0.637
2023-08-21,3.0200,15.0800,4.9864,-0.140
2023-08-22,3.0600,15.1800,4.9370,-0.479
2023-08-23,3.1500,15.3900,4.8789,-0.139
2023-08-24,3.0400,15.0200,4.8825,-1.180
2023-08-25,3.0400,14.8300,4.8765,-0.037
2023-08-28,3.1300,15.3100,4.8931,0.035
2023-08-29,3.1800,15.4900,4.8566,-0.297
2023-08-30,3.0900,15.1600,4.8592,-0.957
2023-08-31,2.9900,14.9500,4.9324,-1.352
2023-09-01,3.0200,14.9900,4.9425,-0.425
2023-09-05,2.9200,14.5800,4.9643,-0.578
2023-09-06,2.8600,14.3800,4.9690,-1.173
2023-09-08,2.8700,14.3800,4.9762,-0.684
2023-09-11,2.9700,14.6500,4.9346,0.039
2023-09-12,2.9900,14.8300,4.9423,-0.354
2023-09-13,3.0300,14.8900,4.9053,-0.181
2023-09-14,3.0600,14.9500,4.8669,-0.383
2023-09-15,3.0600,14.9200,4.8674,-0.173
2023-09-18,3.0700,14.9200,4.8469,-0.268
2023-09-19,3.0200,14.7500,4.8586,-0.522
2023-09-20,3.0500,14.8100,4.8471,-0.178
2023-09-21,2.8900,14.2600,4.9212,-0.265
2023-09-22,2.8700,14.1500,4.9128,-0.355
2023-09-25,2.8300,14.1100,4.9637,-0.445
2023-09-26,2.7900,13.9600,4.9835,-0.401
2023-09-27,2.7600,13.9200,5.0565,0.258
2023-09-28,2.8300,14.2500,5.0357,0.007
2023-09-29,2.8500,14.3000,5.0021,-0.308
2023-10-02,2.7900,14.1000,5.0770,0.460
2023-10-03,2.7100,13.9100,5.1348,0.038
2023-10-04,2.8100,14.3800,5.1362,0.367
2023-10-05,2.8100,14.4400,5.1809,0.819
2023-10-06,2.8100,14.4700,5.1530,0.069
2023-10-09,2.8000,14.3400,5.1530,0.616
2023-10-10,2.8900,14.5000,5.0668,0.987
2023-10-11,2.9200,14.7100,5.0501,0.247
2023-10-13,2.8800,14.4900,5.0740,0.850
2023-10-16,2.9400,14.6400,5.0571,1.557
2023-10-17,2.8900,14.4900,5.0157,0.037
2023-10-18,2.8500,14.3600,5.0635,0.494
2023-10-19,2.8900,14.4300,5.0435,1.010
2023-10-20,2.8300,14.1600,5.0346,0.621
2023-10-23,2.8300,14.1800,5.0066,-0.080
2023-10-24,2.8500,14.1800,4.9998,0.490
2023-10-25,2.8300,14.1400,4.9987,0.045
2023-10-26,2.9200,14.5000,5.0051,0.792
2023-10-27,2.8700,14.3500,4.9464,-1.072
2023-10-30,2.8200,14.1900,5.0390,0.141
2023-10-31,2.7900,13.9900,5.0433,0.578
2023-11-01,2.8400,14.1200,5.0154,0.876
2023-11-03,3.0300,14.7700,4.8879,0.273
2023-11-06,3.0300,14.7600,4.8921,0.427
2023-11-07,3.1200,15.1500,4.8677,0.246
2023-11-08,3.1300,15.2300,4.8905,0.507
2023-11-09,3.1000,15.2600,4.9037,-0.384
2023-11-10,3.0900,15.0400,4.9037,0.748
2023-11-13,3.0100,14.7400,4.9090,0.245
2023-11-14,3.0900,15.0500,4.8658,-0.098
2023-11-16,3.2000,15.5700,4.8790,0.275
2023-11-17,3.1600,15.4300,4.8964,0.276
2023-11-20,3.2100,15.4700,4.8652,0.952
2023-11-21,3.1600,15.4100,4.8933,0.343
2023-11-22,3.2200,15.7300,4.8885,0.070
2023-11-24,3.3000,16.1600,4.8990,0.041
2023-11-27,3.2800,16.0600,4.9058,0.193
2023-11-28,3.3700,16.2100,4.8614,1.067
2023-11-29,3.3300,16.1300,4.8962,1.081
2023-11-30,3.3300,16.2700,4.9297,0.897
2023-12-01,3.3600,16.3200,4.8860,0.594
2023-12-04,3.2700,16.1800,4.9293,-0.378
2023-12-05,3.3300,16.3300,4.9483,0.905
2023-12-06,3.3100,16.1600,4.8987,0.338
2023-12-07,3.3300,16.2000,4.9042,0.809
2023-12-08,3.3800,16.4600,4.9324,1.285
2023-12-11,3.3200,16.3300,4.9404,0.442
2023-12-12,3.2900,16.2500,4.9635,0.492
2023-12-13,3.4900,16.9600,4.9721,2.315
2023-12-14,3.5300,17.2500,4.8976,0.223
2023-12-15,3.5500,17.4200,4.9391,0.653
2023-12-18,3.5900,17.5500,4.9363,0.976
2023-12-19,3.6000,17.5500,4.8638,-0.230
2023-12-20,3.5200,17.2600,4.8906,-0.261
2023-12-21,3.5500,17.2700,4.8742,0.193
2023-12-22,3.4700,16.8300,4.8579,0.160
2023-12-26,3.5300,16.8800,4.8260,0.923
2023-12-27,3.5500,16.9800,4.8321,1.024
2023-12-28,3.5400,17.0900,4.8514,0.491
2024-01-02,3.4200,16.7500,4.8943,-0.069
2024-01-03,3.4200,16.7500,4.9239,0.536
2024-01-04,3.3800,16.5200,4.9143,0.547
2024-01-05,3.4700,16.8800,4.8744,0.202
2024-01-08,3.4600,16.7500,4.8745,0.691
2024-01-09,3.3100,16.3000,4.8956,-0.586
2024-01-10,3.2800,16.0200,4.8929,0.179
2024-01-11,3.2700,15.9400,4.8838,0.188
2024-01-12,3.2600,15.8100,4.8536,0.081
2024-01-16,3.2000,15.7300,4.9163,0.014
2024-01-17,3.2000,15.7600,4.9280,0.061
2024-01-18,3.1900,15.6700,4.9440,0.647
2024-01-19,3.1800,15.6400,4.9280,0.198
2024-01-22,3.1000,15.4600,4.9815,-0.112
2024-01-23,3.1100,15.3800,4.9744,0.588
2024-01-24,3.1000,15.3200,4.9190,-0.464
2024-01-25,3.1300,15.3600,4.9272,0.405
2024-01-26,3.1600,15.5200,4.9135,0.043
2024-01-29,3.1200,15.3800,4.9422,0.258
2024-01-30,3.1000,15.2700,4.9627,0.749
2024-01-31,3.1000,15.3500,4.9390,-0.255
2024-02-01,3.1300,15.3200,4.9195,0.509
2024-02-02,3.1100,15.3200,4.9700,0.892
2024-02-05,3.1300,15.6300,5.0018,0.164
2024-02-06,3.3500,16.6000,4.9539,-0.027
2024-02-07,2.8300,13.9600,4.9628,0.607
2024-02-08,2.7300,13.5600,4.9940,0.543
2024-02-09,2.7300,13.4600,4.9678,0.758
2024-02-14,2.6800,13.3700,4.9653,-0.471
2024-02-15,2.7200,13.4300,4.9739,0.737
2024-02-16,2.7300,13.4800,4.9702,0.658
2024-02-20,2.8400,13.9700,4.9324,0.272
2024-02-21,2.8200,13.9200,4.9276,-0.174
2024-02-22,2.8300,14.0000,4.9408,-0.125
2024-02-23,2.7800,13.8200,4.9760,0.096
2024-02-26,2.7800,13.8000,4.9890,0.503
2024-02-27,2.8400,14.0200,4.9423,0.115
2024-02-28,2.8200,13.9600,4.9520,0.033
2024-02-29,2.7800,13.7500,4.9710,0.505
2024-03-01,2.7900,13.8000,4.9483,0.042
2024-03-04,2.7600,13.6500,4.9428,-0.058
2024-03-05,2.7900,13.7200,4.9565,0.792
2024-03-06,2.8200,13.8200,4.9351,0.702
2024-03-07,2.8100,13.7600,4.9319,0.717
2024-03-08,2.7900,13.8400,4.9766,0.323
2024-03-11,2.8100,13.9200,4.9678,0.284
2024-03-12,2.8500,14.0900,4.9820,0.771
2024-03-13,2.8800,14.2400,4.9763,0.644
2024-03-14,2.8800,14.3300,4.9812,0.111
2024-03-15,2.8300,14.1100,4.9948,0.179
2024-03-18,2.8300,14.2000,5.0194,0.035
2024-03-19,2.8200,14.1200,5.0214,0.286
2024-03-20,2.8700,14.3000,5.0041,0.432
2024-03-21,2.8300,14.1400,4.9785,-0.360
2024-03-22,2.7900,13.9600,4.9872,-0.327
2024-03-25,2.8000,13.9400,4.9859,0.147
2024-03-26,2.8600,14.1400,4.9910,0.949
2024-03-27,2.9100,14.3600,4.9756,0.829
2024-03-28,2.8600,14.2600,5.0042,0.365
2024-04-01,2.8100,14.1300,5.0670,0.766
2024-04-02,2.8200,14.1900,5.0528,0.415
2024-04-03,2.8900,14.4700,5.0621,1.102
2024-04-04,2.9000,14.5600,5.0086,-0.241
2024-04-05,2.8600,14.5200,5.0638,-0.258
2024-04-08,2.9200,14.6200,5.0292,0.446
2024-04-09,2.9300,14.7100,5.0049,-0.310
2024-04-10,2.8400,14.4000,5.0736,0.063
2024-04-11,2.8400,14.3900,5.0763,0.185
2024-04-12,2.7700,14.2100,5.1374,0.145
2024-04-15,2.7000,14.0000,5.1791,-0.117
2024-04-16,2.6600,13.9000,5.2679,0.810
2024-04-17,2.6500,13.8300,5.2401,0.407
2024-04-18,2.6300,13.7700,5.2567,0.400
2024-04-19,2.6400,13.6400,5.2103,0.845
2024-04-22,2.6400,13.5800,5.2090,1.265
2024-04-23,2.6600,13.6700,5.1919,1.027
2024-04-24,2.6600,13.6700,5.1570,0.348
2024-04-25,2.6500,13.6600,5.1643,0.186
2024-04-26,2.7200,13.8800,5.1143,0.223
2024-04-29,2.7500,14.0600,5.1169,0.082
2024-04-30,2.7000,14.0000,5.1764,-0.169
2024-05-02,2.7200,13.8400,5.1131,0.489
2024-05-03,2.7200,13.7800,5.0720,0.115
2024-05-06,2.7200,13.7700,5.0648,0.045
2024-05-07,2.7200,13.7700,5.0656,0.061
2024-05-08,2.7100,13.8000,5.0645,-0.545
2024-05-09,2.6000,13.4500,5.1568,-0.315
2024-05-10,2.5800,13.3700,5.1545,-0.534
2024-05-13,2.6100,13.4300,5.1605,0.290
2024-05-14,2.6100,13.4200,5.1348,-0.135
2024-05-15,2.5900,13.2900,5.1298,-0.029
2024-05-16,2.6200,13.3600,5.1277,0.558
2024-05-17,2.6400,13.4300,5.1155,0.558
2024-05-20,2.6300,13.3300,5.0970,0.563
2024-05-21,2.6300,13.4000,5.1123,0.338
2024-05-22,2.5400,13.1000,5.1460,-0.223
2024-05-23,2.5100,12.8800,5.1500,0.361
2024-05-24,2.5100,12.9700,5.1491,-0.353
2024-05-28,2.5100,12.9200,5.1541,0.130
2024-05-29,2.4700,12.7900,5.2030,0.480
2024-05-31,2.4600,12.6700,5.2413,1.765
2024-06-03,2.4500,12.7500,5.2345,0.585
2024-06-04,2.4400,12.8500,5.2887,0.424
2024-06-05,2.4300,12.7800,5.2824,0.440
2024-06-06,2.5000,13.0500,5.2549,0.669
2024-06-07,2.4500,12.9500,5.2731,-0.239
2024-06-10,2.4200,12.8600,5.3645,0.949
2024-06-11,2.4200,12.9300,5.3529,0.186
2024-06-12,2.3700,12.6900,5.3920,0.702
2024-06-13,2.3900,12.7000,5.3777,1.202
2024-06-14,2.3900,12.8300,5.3559,-0.229
2024-06-17,2.4100,12.9700,5.4173,0.661
2024-06-18,2.3600,12.3800,5.4054,3.043
2024-06-20,2.2900,12.4100,5.4471,0.515
2024-06-21,2.2900,12.4000,5.4539,0.721
2024-06-24,2.3100,12.4400,5.4025,0.320
2024-06-25,2.2600,12.3400,5.4358,-0.446
2024-06-26,2.2400,12.3700,5.5081,-0.258
2024-06-27,2.2600,12.4200,5.5295,0.617
2024-06-28,2.2400,12.3800,5.5596,0.594
2024-07-01,2.2000,12.2700,5.5887,0.205
2024-07-02,2.1800,12.2300,5.6768,1.189
2024-07-03,2.2400,12.2700,5.5724,1.729
2024-07-05,2.3000,12.4600,5.4802,1.159
2024-07-08,2.2900,12.4600,5.4587,0.324
2024-07-09,2.3200,12.4600,5.4316,1.134
2024-07-10,2.3700,12.6700,5.4030,1.066
2024-07-11,2.3400,12.6700,5.4265,0.221
2024-07-12,2.3400,12.6400,5.4559,1.003
2024-07-15,2.3200,12.6100,5.4383,0.054
2024-07-16,2.3600,12.6500,5.4566,1.799
2024-07-17,2.3400,12.8000,5.4769,0.125
2024-07-18,2.2500,12.5600,5.5395,-0.765
2024-07-19,2.2400,12.4900,5.5569,-0.341
2024-07-22,2.2700,12.6300,5.5485,-0.276
2024-07-23,2.2500,12.5400,5.5685,-0.087
2024-07-24,2.2200,12.5500,5.6352,-0.318
2024-07-25,2.2100,12.3500,5.6254,0.665
2024-07-26,2.2200,12.4500,5.6551,0.838
2024-07-29,2.2400,12.5000,5.6514,1.273
2024-07-30,2.2200,12.4000,5.6543,1.230
2024-07-31,2.2200,12.4300,5.6628,1.138
2024-08-01,2.2100,12.5900,5.6935,-0.058
2024-08-02,2.2100,12.6500,5.7359,0.208
2024-08-05,2.3900,13.6100,5.7496,0.967
2024-08-06,2.5000,14.0600,5.6409,0.300
2024-08-07,2.5200,14.0900,5.6000,0.156
2024-08-08,2.5700,14.2500,5.6012,1.018
2024-08-09,2.6800,14.6000,5.5099,1.141
2024-08-12,2.6800,14.7000,5.5058,0.378
2024-08-13,2.7500,14.8800,5.4867,1.401
2024-08-14,2.7600,15.0100,5.4577,0.355
2024-08-15,2.7900,15.1600,5.4610,0.503
2024-08-16,2.7500,14.9700,5.4751,0.578
2024-08-19,2.9200,15.6400,5.4048,0.908
2024-08-20,2.8900,15.7000,5.4727,0.740
2024-08-21,2.8800,15.6300,5.4737,0.859
2024-08-22,2.8000,15.5200,5.5675,0.445
2024-08-23,2.8800,15.6600,5.5102,1.337
2024-08-26,2.8500,15.6100,5.4980,0.380
2024-08-27,2.8100,15.4200,5.5043,0.305
2024-08-28,2.8500,15.6700,5.5351,0.670
2024-08-29,2.7900,15.6300,5.6355,0.595
2024-08-30,2.7800,15.6400,5.6193,-0.117
2024-09-03,2.8100,15.7500,5.6490,0.785
2024-09-04,2.8300,15.8700,5.6403,0.580
2024-09-05,2.8600,16.0100,5.5924,-0.098
2024-09-06,2.8100,15.7000,5.5884,0.022
2024-09-09,2.8400,15.7500,5.6042,1.054
2024-09-10,2.7900,15.8000,5.6483,-0.261
2024-09-11,2.7700,15.6200,5.6481,0.162
2024-09-12,2.7800,15.5500,5.6499,1.008
2024-09-13,2.8000,15.5500,5.5495,-0.073
2024-09-16,2.7900,15.4300,5.5104,-0.363
2024-09-17,2.8000,15.3300,5.5013,0.480
2024-09-18,2.7700,15.2400,5.4825,-0.351
2024-09-19,2.7500,15.0300,5.4048,-1.110
2024-09-20,2.6300,14.7500,5.4895,-2.119
2024-09-23,2.5700,14.3700,5.5353,-1.004
2024-09-24,2.5800,14.3500,5.4660,-1.726
2024-09-25,2.6000,14.4400,5.4809,-1.313
2024-09-26,2.6700,14.8100,5.4332,-2.048
2024-09-27,2.7100,14.9400,5.4318,-1.471
2024-09-30,2.6600,14.7000,5.4509,-1.365
2024-10-01,2.7000,14.6900,5.4451,0.080
2024-10-02,2.7700,15.2000,5.4363,-0.931
2024-10-03,2.7200,15.0400,5.4916,-0.684
2024-10-04,2.7300,15.0600,5.4585,-1.051
2024-10-07,2.7300,15.2000,5.4859,-1.470
2024-10-08,2.7400,15.2200,5.5297,-0.451
2024-10-09,2.6500,14.9200,5.5823,-0.851
2024-10-10,2.6500,15.0000,5.5824,-1.378
2024-10-11,2.6100,14.8000,5.6346,-0.633
2024-10-14,2.6700,15.0200,5.6346,0.162
2024-10-15,2.6400,15.1500,5.6446,-1.639
2024-10-16,2.6400,15.1000,5.6602,-1.040
2024-10-17,2.6700,15.2000,5.6764,-0.290
2024-10-18,2.6600,15.3200,5.6787,-1.401
2024-10-21,2.6600,15.2800,5.7026,-0.727
2024-10-22,2.6400,15.1800,5.6914,-1.019
2024-10-23,2.6200,15.1200,5.7045,-1.152
2024-10-24,2.6400,15.1500,5.7068,-0.555
2024-10-25,2.5800,14.9300,5.7018,-1.469
2024-10-28,2.6400,15.2000,5.7063,-0.891
2024-10-29,2.5700,14.9800,5.7248,-1.784
2024-10-30,2.5700,15.0300,5.7780,-1.201
2024-10-31,2.4700,14.3700,5.7887,-0.500
2024-11-01,2.4000,14.1100,5.8292,-0.850
2024-11-04,2.4200,14.1100,5.7707,-1.027
2024-11-05,2.4000,13.9300,5.7720,-0.554
2024-11-06,2.4100,13.8100,5.7043,-0.454
2024-11-07,2.3800,13.6600,5.7028,-0.639
2024-11-08,2.3400,13.5100,5.7813,0.135
2024-11-11,2.3100,13.4600,5.7813,-0.782
2024-11-12,2.3100,13.3900,5.7779,-0.322
2024-11-13,2.3200,13.4800,5.8127,0.041
2024-11-14,2.3500,13.5300,5.7771,0.341
2024-11-18,2.3900,13.7200,5.7453,0.082
2024-11-19,2.4100,13.8200,5.7645,0.524
2024-11-21,2.3900,13.7700,5.8279,1.152
2024-11-22,2.3800,13.8000,5.8040,0.098
2024-11-25,2.3400,13.6000,5.8115,-0.008
2024-11-26,2.3700,13.6900,5.8089,0.563
2024-11-27,2.2600,13.3200,5.8721,-0.368
2024-11-29,2.1300,12.6300,5.9956,1.113
2024-12-02,2.0800,12.3600,6.0741,2.218
2024-12-03,2.0400,12.3000,6.0650,0.590
2024-12-04,2.0700,12.4400,6.0330,0.388
2024-12-05,2.1200,12.6100,5.9745,0.444
2024-12-06,2.0500,12.3200,6.0739,1.067
2024-12-09,2.0100,12.2400,6.0648,-0.406
2024-12-10,2.0900,12.4800,6.0549,1.400
2024-12-11,2.1600,12.7000,6.0090,2.200
2024-12-12,2.0600,12.2600,6.0097,0.979
2024-12-13,2.0200,12.1000,6.0645,1.242
2024-12-16,1.9800,11.9000,6.0579,0.795
2024-12-17,2.0000,11.9900,6.1122,1.955
2024-12-18,1.8700,11.4900,6.1906,0.752
2024-12-19,1.8800,11.5000,6.1414,0.399
2024-12-20,1.9300,11.7600,6.0815,-0.193
2024-12-23,1.9000,11.5500,6.1784,1.636
2024-12-26,1.9200,11.6400,6.1570,1.559
2024-12-27,1.9000,11.5500,6.2021,2.026
2024-12-30,1.9000,11.5600,6.2013,1.924
2025-01-02,1.9600,11.4000,6.1556,5.833
2025-01-03,1.8500,11.2000,6.1759,2.013
2025-01-06,1.8900,11.4200,6.1086,1.097
2025-01-07,1.9500,11.5800,6.0641,2.116
2025-01-08,1.9100,11.4000,6.1280,2.671
2025-01-10,1.8800,11.1800,6.1123,2.783
2025-01-13,1.8900,11.2200,6.1089,2.904
2025-01-14,1.9300,11.4300,6.0506,2.167
2025-01-15,2.0100,11.8300,6.0466,2.736
2025-01-16,1.9800,11.7300,6.0448,2.035
2025-01-17,1.9600,11.5900,6.0368,2.089
2025-01-21,1.9600,11.6400,6.0275,1.494
2025-01-22,1.9600,11.4800,5.9234,1.131
2025-01-23,1.9400,11.3900,5.9060,0.594
2025-01-24,1.9300,11.3000,5.8811,0.447
2025-01-27,2.0000,11.5800,5.9156,2.169
2025-01-28,2.0200,11.6300,5.8596,1.775
2025-01-29,2.0000,11.5100,5.8810,2.189
2025-01-30,2.1100,12.1400,5.8960,2.476
2025-01-31,2.1100,12.0900,5.8370,1.870
2025-02-03,2.1200,12.0700,5.8322,2.438
2025-02-04,2.1300,12.0300,5.7598,1.982
2025-02-05,2.1800,12.3100,5.7986,2.688
2025-02-06,2.2300,12.4800,5.7735,3.164
2025-02-07,2.1200,11.9900,5.7849,2.285
2025-02-10,2.1100,12.0000,5.7754,1.551
2025-02-11,2.1700,12.2800,5.7621,1.822
2025-02-12,2.0800,11.7200,5.7600,2.225
2025-02-13,2.0900,11.8800,5.7623,1.374
2025-02-14,2.1700,12.1900,5.7152,1.739
2025-02-18,2.1700,12.2000,5.6880,1.172
2025-02-19,2.1300,11.9800,5.7143,1.598
2025-02-20,2.1300,11.9500,5.6970,1.545
2025-02-21,2.0900,11.8400,5.6976,0.574
2025-02-24,2.0400,11.6300,5.7325,0.553
2025-02-25,2.0700,11.7700,5.7677,1.437
2025-02-26,2.0100,11.5400,5.7800,0.674
2025-02-27,1.9900,11.4700,5.8282,1.117
2025-02-28,1.9500,11.2400,5.8835,2.071
2025-03-05,2.0400,11.4700,5.8077,3.293
2025-03-06,2.0600,11.5500,5.7785,3.062
2025-03-07,2.0700,11.6900,5.7872,2.477
2025-03-10,2.0000,11.5200,5.7964,0.632
2025-03-11,2.0000,11.4500,5.8247,1.741
2025-03-12,2.0000,11.4500,5.8208,1.673
2025-03-13,2.0400,11.6500,5.8032,1.618
2025-03-14,2.1500,12.1300,5.7299,1.560
2025-03-17,2.2100,12.3100,5.6874,2.105
2025-03-18,2.2100,12.3000,5.6714,1.901
2025-03-19,2.2400,12.4100,5.6494,1.971
2025-03-20,2.2100,12.3500,5.6730,1.517
2025-03-21,2.2300,12.5200,5.7242,1.957
2025-03-24,2.2200,12.6500,5.7295,0.549
2025-03-25,2.3000,12.8600,5.6837,1.652
2025-03-26,2.3200,13.0700,5.7386,1.863
2025-03-27,2.2900,13.0200,5.7339,0.850
2025-03-28,2.2700,12.8400,5.7672,1.959
2025-03-31,2.2300,12.6700,5.7405,1.036
2025-04-01,2.2500,12.4600,5.6874,2.702
2025-04-02,2.2200,12.4700,5.7004,1.483
2025-04-03,2.2900,12.7100,5.6022,0.937
2025-04-04,2.1900,12.5700,5.8039,1.118
2025-04-07,2.1100,12.3600,5.9242,1.133
2025-04-08,2.0200,12.0200,5.9878,0.627
2025-04-09,2.1600,12.4700,6.0542,4.868
2025-04-10,2.1100,12.4500,5.9429,0.719
2025-04-11,2.1900,12.6200,5.8781,2.005
2025-04-14,2.2000,12.7300,5.8649,1.357
2025-04-15,2.1900,12.7400,5.8809,1.092
2025-04-16,2.2000,12.7200,5.8610,1.369
2025-04-17,2.2200,12.7800,5.8308,1.286
2025-04-22,2.2600,12.7300,5.7392,1.890
2025-04-23,2.3300,13.1500,5.6969,0.941
2025-04-24,2.3800,13.3600,5.6709,1.024
2025-04-25,2.3800,13.3800,5.6810,1.052
2025-04-28,2.3900,13.3500,5.6777,1.646
2025-04-29,2.4300,13.5000,5.6330,1.394
2025-04-30,2.4600,13.7300,5.6612,1.432
2025-05-02,2.4000,13.4400,5.6485,0.866
2025-05-05,2.3500,13.3000,5.6663,0.119
2025-05-06,2.3500,13.2400,5.7206,1.536
2025-05-07,2.2700,13.0400,5.7438,-0.012
2025-05-08,2.7000,15.0800,5.6798,1.694
2025-05-09,2.7200,15.1200,5.6435,1.523
2025-05-12,2.6400,14.9000,5.6843,0.715
2025-05-13,2.7500,15.2200,5.6023,1.224
2025-05-14,2.7500,15.2000,5.6131,1.553
2025-05-15,2.7300,15.3500,5.6370,0.254
2025-05-16,2.7400,15.4000,5.6775,1.015
2025-05-19,2.7900,15.5400,5.6424,1.302
2025-05-20,2.7800,15.6900,5.6687,0.440
2025-05-21,2.7400,15.4100,5.6591,0.623
2025-05-22,2.7600,15.4500,5.6205,0.405
2025-05-23,2.8000,15.6400,5.6887,1.844
2025-05-27,2.8700,16.0400,5.6518,1.126
2025-05-28,2.8600,16.1500,5.7053,1.035
2025-05-29,2.8800,16.0800,5.6505,1.203
2025-05-30,2.8800,16.2000,5.7184,1.660
2025-06-02,2.9000,16.2400,5.7061,1.895
2025-06-03,2.9600,16.5000,5.6444,1.257
2025-06-04,2.9300,16.4500,5.6396,0.450
2025-06-05,2.8900,15.9700,5.5911,1.179
2025-06-06,2.8900,15.9600,5.5980,1.367
2025-06-09,2.8700,15.8400,5.5755,1.021
2025-06-10,2.8600,15.8300,5.5646,0.535
2025-06-11,2.9700,16.3200,5.5288,0.616
2025-06-12,3.0000,16.4800,5.5456,0.951
2025-06-13,2.9800,16.2900,5.5450,1.437
2025-06-16,3.0700,16.6400,5.5165,1.777
2025-06-17,3.0900,16.8900,5.4772,0.205
2025-06-18,3.0900,16.7600,5.4921,1.256
2025-06-20,3.0300,16.6200,5.5035,0.335
2025-06-23,3.0200,16.4900,5.5163,1.026
2025-06-24,3.0300,16.5400,5.4985,0.728
2025-06-25,2.9900,16.4000,5.5589,1.348
2025-06-26,3.0100,16.5500,5.5043,0.108
2025-06-27,3.0300,16.5700,5.4801,0.209
2025-06-30,3.0900,16.8300,5.4294,-0.316
2025-07-01,3.0900,16.6800,5.4589,1.127
2025-07-02,3.0400,16.3600,5.4286,0.874
2025-07-03,3.1000,16.7500,5.4178,0.270
2025-07-07,3.0400,16.5100,5.4638,0.605
2025-07-08,3.0600,16.5500,5.4600,0.952
2025-07-09,3.0100,16.3600,5.4552,0.368
2025-07-10,2.9200,16.1400,5.5355,0.147
2025-07-11,2.9000,16.0500,5.5723,0.683
2025-07-14,2.9100,16.1100,5.5748,0.699
2025-07-15,2.9200,16.1000,5.5661,0.950
2025-07-16,2.8800,16.0600,5.5650,-0.204
2025-07-17,2.8800,16.0300,5.5644,-0.028
2025-07-18,2.8100,15.6700,5.5628,-0.246
2025-07-21,2.8100,15.6800,5.5512,-0.517
2025-07-22,2.8000,15.6300,5.5543,-0.499
2025-07-23,2.8800,15.8800,5.5456,0.575
2025-07-24,2.8400,15.6800,5.5209,-0.004
2025-07-25,2.8000,15.5600,5.5669,0.176
2025-07-28,2.7500,15.4400,5.5936,-0.373
2025-07-29,2.7800,15.4100,5.5687,0.461
2025-07-30,2.7700,15.6600,5.6193,-0.604
2025-07-31,2.7700,15.5300,5.5848,-0.387
2025-08-01,2.8100,15.5600,5.5422,0.087
2025-08-04,2.8100,15.6600,5.5151,-1.038
2025-08-05,2.8200,15.6900,5.5062,-1.036
2025-08-06,2.8500,15.6700,5.4757,-0.410
2025-08-07,2.8900,15.7900,5.4548,-0.162
2025-08-08,2.9000,15.9600,5.4208,-1.502
2025-08-11,2.9000,15.9000,5.4414,-0.754
2025-08-12,3.0200,16.2700,5.3915,0.076
2025-08-13,2.9900,16.1300,5.4049,0.190
2025-08-14,2.9600,16.0100,5.4137,0.091
2025-08-15,2.9600,16.0300,5.3964,-0.353
2025-08-18,3.0200,16.3500,5.4206,0.124
2025-08-19,2.8600,15.7900,5.4764,-0.807
2025-08-20,2.8800,15.8400,5.4742,-0.469
2025-08-21,2.8900,15.7900,5.4868,0.423
2025-08-22,2.9800,16.3100,5.4196,-0.978
2025-08-25,3.0000,16.3500,5.4086,-0.760
2025-08-26,2.9800,16.3100,5.4335,-0.725
2025-08-27,3.0200,16.4300,5.4332,-0.132
2025-08-28,3.1100,16.7900,5.4093,0.196
2025-08-29,3.1100,16.8300,5.4299,0.339
2025-09-02,3.0200,16.5100,5.4633,-0.066
2025-09-03,3.0200,16.5000,5.4571,-0.119
2025-09-04,3.0700,16.8300,5.4641,-0.328
2025-09-05,3.1800,17.2400,5.3983,-0.426
2025-09-08,3.1500,17.1500,5.4275,-0.311
2025-09-09,3.1300,16.9900,5.4280,-0.002
2025-09-10,3.1200,16.8700,5.4089,0.034
2025-09-11,3.1600,17.0300,5.3828,-0.120
2025-09-12,3.1300,16.8300,5.3541,-0.426
2025-09-15,3.1800,17.0300,5.3088,-0.869
2025-09-16,3.2100,16.9900,5.3006,0.147
2025-09-17,3.3100,17.5800,5.3069,-0.081
2025-09-18,3.2700,17.4000,5.3020,-0.359
2025-09-19,3.3300,17.7100,5.3257,0.139
2025-09-22,3.3200,17.7400,5.3505,0.133
2025-09-23,3.3900,17.8500,5.2890,0.447
2025-09-24,3.3400,17.7100,5.3180,0.294
2025-09-25,3.2700,17.5700,5.3435,-0.551
2025-09-26,3.3000,17.6600,5.3413,-0.191
2025-09-29,3.3500,17.8400,5.3254,0.001
2025-09-30,3.3800,17.6900,5.3269,1.780
2025-10-01,3.2400,17.3900,5.3343,-0.615
2025-10-02,3.1700,17.0900,5.3658,-0.471
2025-10-03,3.1700,17.1000,5.3492,-0.836
2025-10-06,3.1800,17.0000,5.3150,-0.578
2025-10-07,3.1200,16.7200,5.3420,-0.317
2025-10-08,3.1700,16.9900,5.3450,-0.273
2025-10-09,3.1900,17.0800,5.3639,0.181
2025-10-10,3.0600,16.8500,5.4845,-0.400
2025-10-13,3.0900,16.9200,5.4845,0.160
2025-10-14,3.1500,17.1600,5.4795,0.585
2025-10-15,3.2000,17.3600,5.4426,0.324
2025-10-16,3.2600,17.5600,5.4348,0.897
2025-10-17,3.3000,17.6800,5.4178,1.124
2025-10-20,3.3800,18.0100,5.3708,0.796
2025-10-21,3.3000,17.7700,5.3722,-0.235
2025-10-22,3.3000,17.7900,5.3919,0.018
2025-10-23,3.3500,17.9800,5.3837,0.308
2025-10-24,3.3500,18.0800,5.3822,-0.275
2025-10-27,3.4000,18.2300,5.3763,0.271
2025-10-28,3.3900,18.2400,5.3629,-0.328
2025-10-29,3.5200,18.8300,5.3452,-0.079
2025-10-30,3.3900,18.1000,5.3840,0.838
2025-10-31,3.3800,18.1600,5.3858,0.242
2025-11-03,3.4500,18.3600,5.3608,0.734
2025-11-04,3.4100,18.4000,5.3840,-0.220
2025-11-05,3.5300,18.7900,5.3578,0.655
2025-11-06,3.5100,18.7100,5.3580,0.516
2025-11-07,3.5400,18.7300,5.3432,0.987
2025-11-10,3.6100,19.0800,5.3184,0.626
2025-11-11,3.7200,19.4900,5.3184,1.511
2025-11-12,3.6800,19.4400,5.2955,0.244
2025-11-13,3.6600,19.4800,5.2858,-0.688
2025-11-14,3.6800,19.4700,5.2865,-0.081
2025-11-17,3.6200,19.3200,5.3066,-0.570
2025-11-18,3.6000,19.0900,5.3203,0.330
2025-11-19,3.5400,18.9000,5.3366,-0.045
2025-11-21,3.4800,18.7900,5.3890,-0.193
2025-11-24,3.4800,18.8000,5.3950,-0.135
2025-11-25,3.5400,18.9500,5.3900,0.689
2025-11-26,3.6800,19.5200,5.3496,0.853
2025-11-28,3.7000,19.6500,5.3399,0.548
2025-12-01,3.6200,19.3500,5.3543,0.168
2025-12-02,3.6700,19.5400,5.3424,0.341
2025-12-03,3.5800,19.0000,5.3115,0.080
2025-12-04,3.6300,19.2700,5.3018,-0.127
2025-12-05,3.3100,18.1200,5.4108,-1.160
2025-12-08,3.3400,18.2500,5.4431,-0.384
2025-12-09,3.3200,18.0100,5.4359,0.206
2025-12-10,3.3200,18.3300,5.4728,-0.875
2025-12-11,3.4100,18.5400,5.4037,-0.612
2025-12-12,3.4500,18.6600,5.4072,-0.028
2025-12-15,3.4700,18.9200,5.4063,-0.846
2025-12-16,3.3500,18.4000,5.4603,-0.587
2025-12-17,3.3100,18.2500,5.5234,0.178
2025-12-18,3.3200,18.3300,5.5162,-0.088
2025-12-19,3.3500,18.5000,5.5107,-0.212
2025-12-22,3.2700,18.2400,5.5747,-0.059
2025-12-23,3.3400,18.4100,5.5384,0.479
2025-12-26,3.3500,18.4000,5.5384,0.835
2025-12-29,3.3200,18.4900,5.5789,0.173
2025-12-30,3.3900,18.1900,5.4978,2.460
2026-01-02,3.3600,18.2200,5.4224,-0.004
2026-01-05,3.5200,18.9700,5.4090,0.367
2026-01-06,3.5500,19.0800,5.3702,-0.083
2026-01-07,3.4900,18.8400,5.3898,-0.157
2026-01-08,3.4400,18.5200,5.3849,0.022
2026-01-09,3.4400,18.5400,5.3543,-0.654
2026-01-12,3.4300,18.4000,5.3680,0.067
2026-01-13,3.3800,18.1900,5.3843,0.049
2026-01-14,3.4500,18.5200,5.3796,0.214
2026-01-15,3.5100,18.9000,5.3629,-0.403
2026-01-16,3.5300,18.9100,5.3719,0.279
2026-01-20,3.5700,19.1700,5.3618,-0.148
2026-01-21,3.7300,19.7600,5.3235,0.489
2026-01-22,3.8600,20.3000,5.2965,0.712
2026-01-23,3.9500,20.7900,5.2951,0.604
2026-01-26,3.9700,20.8800,5.2734,0.265
2026-01-27,4.1400,21.4300,5.2130,0.708
2026-01-28,4.1600,21.7200,5.2114,-0.187
2026-01-29,4.1500,21.4400,5.2145,0.934
2026-01-30,4.0500,21.3100,5.2459,-0.301
2026-02-02,4.0900,21.5800,5.2595,-0.318
2026-02-03,4.1300,21.6800,5.2238,-0.488
2026-02-04,3.9500,20.9800,5.2466,-1.220
2026-02-05,4.0000,21.1500,5.2612,-0.497
2026-02-06,3.9800,20.6100,5.2183,0.771
2026-02-09,4.0400,20.9100,5.1906,0.287
2026-02-10,4.0000,20.9200,5.1993,-0.587
2026-02-11,4.1600,21.5400,5.1756,-0.044
2026-02-12,4.0900,21.2300,5.1967,0.115
2026-02-13,3.9800,20.9700,5.2297,-0.743
2026-02-18,3.9800,20.9100,5.2150,-0.738
2026-02-19,4.0800,21.3300,5.2244,-0.068
2026-02-20,4.1900,21.7600,5.1860,-0.141
2026-02-23,4.0700,21.2300,5.1540,-1.193
2026-02-24,4.1200,21.4000,5.1471,-0.906
2026-02-25,4.1200,21.1700,5.1374,-0.018
2026-02-26,4.0500,20.9800,5.1524,-0.538
2026-02-27,4.0900,21.1500,5.1369,-0.662
2026-03-02,4.0800,21.2300,5.1901,-0.256
2026-03-03,3.8100,20.2000,5.2732,-0.540
2026-03-04,3.9100,20.4900,5.2125,-0.533
2026-03-05,3.7400,19.8300,5.2585,-0.823
2026-03-06,3.6800,19.5500,5.2698,-0.804
2026-03-09,3.7800,19.5500,5.2099,0.734
2026-03-10,3.8700,20.0300,5.1405,-0.680
2026-03-11,3.8400,19.9400,5.1570,-0.688
2026-03-12,3.6600,19.3900,5.2140,-1.582
2026-03-13,3.5300,18.9900,5.2914,-1.640
2026-03-16,3.6100,19.0000,5.2661,0.056
2026-03-17,3.6000,18.8500,5.1971,-0.745
2026-03-18,3.5300,18.6300,5.2013,-1.446
2026-03-19,3.5400,18.6400,5.2449,-0.392
2026-03-20,3.4100,18.3300,5.2896,-1.596
2026-03-23,3.5900,19.0000,5.2460,-0.878
2026-03-24,3.5500,18.9400,5.2617,-1.378
2026-03-25,3.6600,19.2800,5.2195,-0.916
2026-03-26,3.5400,18.8200,5.2296,-1.632
2026-03-27,3.4900,18.5200,5.2312,-1.421
2026-03-30,3.5000,18.4700,5.2367,-0.766
2026-03-31,3.6500,19.1700,5.2115,-0.772
2026-04-01,3.7300,19.4300,5.1510,-1.116
2026-04-02,3.6600,19.1200,5.1597,-1.232
2026-04-06,3.7200,19.3300,5.1525,-0.842
2026-04-07,3.7100,19.2100,5.1598,-0.350
2026-04-08,3.9000,20.1700,5.0935,-1.514
2026-04-09,3.9600,20.2900,5.0704,-1.041
2026-04-10,4.0300,20.4400,5.0254,-0.918
2026-04-13,4.0900,20.5900,5.0219,-0.245
2026-04-14,4.1100,20.7800,4.9867,-1.370
2026-04-15,4.1100,20.8000,4.9974,-1.253
2026-04-16,4.1500,20.8500,5.0012,-0.456
2026-04-17,4.2100,21.2600,4.9810,-1.364
2026-04-20,4.1900,21.0300,4.9825,-0.729
2026-04-22,4.0400,20.4100,4.9671,-1.680
2026-04-23,3.9400,19.9700,4.9536,-2.267
2026-04-24,3.9400,19.9200,4.9997,-1.110
2026-04-27,3.9100,19.7300,4.9691,-1.525
2026-04-28,3.8800,19.5700,4.9864,-1.138
2026-04-29,3.7700,19.1100,4.9984,-1.392
2026-04-30,3.8800,19.3200,4.9792,-0.004
2026-05-04,3.7500,18.9100,4.9669,-1.503
2026-05-05,3.8400,19.1900,4.9103,-1.743
2026-05-06,3.8600,19.2700,4.9264,-1.319
2026-05-07,3.7400,18.5200,4.9277,-0.488
2026-05-08,3.7500,18.5900,4.8976,-1.205
2026-05-11,3.6500,18.0900,4.8975,-1.184
2026-05-12,3.6500,17.9600,4.9005,-0.407
2026-05-13,3.5100,17.6500,4.9068,-2.420
2026-05-14,3.5700,17.8400,4.9786,-0.372
2026-05-15,3.4700,17.6900,5.0739,-0.472
2026-05-18,3.5100,17.6600,5.0060,-0.504
2026-05-19,3.4300,17.3900,5.0437,-0.518
2026-05-20,3.5700,17.8600,5.0154,0.252
2026-05-21,3.5600,17.9000,5.0032,-0.495
2026-05-22,3.4700,17.6200,5.0240,-1.060
2026-05-26,3.5400,17.8400,5.0288,-0.213
2026-05-27,3.5600,18.0000,5.0620,0.115
2026-05-28,3.5200,17.9000,5.0474,-0.744
2026-05-29,3.4900,17.7000,5.0585,-0.259
2026-06-01,3.4700,17.5000,5.0323,-0.217
2026-06-02,3.5100,17.7500,5.0126,-0.878
2026-06-03,3.3800,17.3700,5.0461,-1.809
2026-06-05,3.3600,17.4700,5.1444,-1.058
2026-06-08,3.2900,17.2000,5.1690,-1.128
2026-06-09,3.3300,17.4300,5.1774,-1.086
2026-06-10,3.3000,17.2600,5.1760,-1.038
2026-06-11,3.4400,17.6800,5.1463,0.132
2026-06-12,3.5000,17.8000,5.0729,-0.252
2026-06-15,3.4700,17.6500,5.0567,-0.585
2026-06-16,3.4600,17.6600,5.0777,-0.516
2026-06-17,3.4300,17.5500,5.0597,-1.112
2026-06-18,3.3600,17.4700,5.1689,-0.587
2026-06-22,3.4300,17.6800,5.1308,-0.460
2026-06-23,3.4300,17.8400,5.1812,-0.384
2026-06-24,3.3700,17.6500,5.2101,-0.521
2026-06-25,3.3500,17.6200,5.1728,-1.652
2026-06-26,3.4600,17.9200,5.1586,-0.398
2026-06-29,3.4900,18.1700,5.1812,-0.482
2026-06-30,3.4700,18.1000,5.1665,-0.952
2026-07-01,3.4800,18.1200,5.2008,-0.117
2026-07-02,3.4500,18.1600,5.2004,-1.204
2026-07-06,3.5000,17.9200,5.1472,0.531
2026-07-07,3.4000,17.8200,5.1515,-1.711
2026-07-08,3.4200,17.6900,5.1621,-0.201
2026-07-09,3.4800,18.0000,5.1204,-1.006
2026-07-10,3.6500,18.8600,5.1046,-1.210
2026-07-13,3.6100,18.7700,5.1201,-1.526
2026-07-14,3.6300,18.6300,5.0768,-1.080
2026-07-15,3.6200,18.6000,5.0796,-1.139
2026-07-16,3.5500,18.4100,5.0927,-1.797
2026-07-17,3.5400,18.2900,5.1080,-1.135
2026-07-20,3.5900,18.4100,5.0847,-0.847
2026-07-21,3.6600,18.5500,5.0752,0.136
2026-07-22,3.7300,18.9700,5.0577,-0.552
2026-07-23,3.6600,18.7200,5.0841,-0.599
2026-07-24,3.6000,18.4800,5.0592,-1.444
2026-07-27,3.6400,18.6778,5.1041,-0.529
2026-07-28,3.6200,18.7377,5.1115,-1.249
2026-07-29,3.5400,18.3184,5.1270,-0.922
2026-07-30,3.5900,18.3583,5.0673,-0.908
2026-07-31,3.6100,18.3982,5.0709,-0.502
2026-08-03,3.6200,18.5180,5.0769,-0.754
2026-08-04,3.4900,18.1886,5.1101,-1.948
2026-08-05,3.4800,18.0500,5.1173,-1.340
2026-08-06,3.4100,17.7000,5.1064,-1.622
2026-08-07,3.3700,17.3100,5.0882,-0.940
2026-08-11,3.2100,16.7900,5.1590,-1.368
2026-08-12,3.2000,16.7400,5.1630,-1.305
2026-08-13,3.1500,16.6600,5.1879,-1.909
2026-08-14,3.1400,16.5400,5.2388,-0.545
2026-08-17,3.0900,16.2200,5.1874,-1.177
2026-08-18,3.0400,16.1200,5.2043,-1.854
2026-08-19,3.0500,16.0200,5.1688,-1.593
2026-08-20,2.9800,15.7500,5.1825,-1.944
2026-08-21,3.1100,16.2400,5.1469,-1.436
2026-08-24,3.1500,16.2700,5.1471,-0.348
2026-08-25,3.2500,16.7800,5.1454,-0.342
2026-08-26,3.2600,16.9900,5.1622,-0.949
2026-08-27,3.2300,16.9300,5.1700,-1.364
2026-08-28,3.2500,17.0800,5.2168,-0.734
2026-08-31,3.2800,17.1900,5.1817,-1.129
2026-09-01,3.3200,17.4000,5.1522,-1.694
2026-09-02,3.4500,17.7500,5.0927,-1.015
2026-09-03,3.4600,17.7900,5.1010,-0.790
2026-09-04,3.4700,17.9000,5.1010,-1.115
